"text","favorited","favoriteCount","replyToSN","created","truncated","replyToSID","id","replyToUID","statusSource","screenName","retweetCount","isRetweet","retweeted","longitude","latitude"
"El puente Fernando Belaúnde Terry, que conecta San Martín de Porres y Carmen de la Legua-Reynoso, ya es una realida… https://t.co/EaqwRv2ZXu",FALSE,131,NA,2021-10-13 16:32:56,TRUE,NA,"1448325896415367173",NA,"<a href=""https://mobile.twitter.com"" rel=""nofollow"">Twitter Web App</a>","JorgeMunozPe",18,FALSE,FALSE,NA,NA
"https://t.co/6zLOk02zd5",FALSE,544,NA,2021-10-05 20:51:33,FALSE,NA,"1445491875675193346",NA,"<a href=""http://twitter.com/download/iphone"" rel=""nofollow"">Twitter for iPhone</a>","JorgeMunozPe",97,FALSE,FALSE,NA,NA
"@YoanPasion @Minsa_Peru Es logro de todos: sociedad civil y autoridades. Nosotros, como es nuestro deber, hemos y v… https://t.co/T9PVQcXu9D",FALSE,5,"YoanPasion",2021-09-29 14:13:51,TRUE,"1443211615147642880","1443217462284242947","280298604","<a href=""http://twitter.com/download/iphone"" rel=""nofollow"">Twitter for iPhone</a>","JorgeMunozPe",0,FALSE,FALSE,NA,NA
"@mundoperplejo Como es nuestra responsabilidad, hemos y venimos contribuyendo a la lucha contra la pandemia a travé… https://t.co/ZHHytMq0Dt",FALSE,8,"mundoperplejo",2021-09-29 13:41:59,TRUE,"1443206480384167941","1443209442212950017","117908414","<a href=""http://twitter.com/download/iphone"" rel=""nofollow"">Twitter for iPhone</a>","JorgeMunozPe",0,FALSE,FALSE,NA,NA
"https://t.co/9oWPLmOjWh",FALSE,215,NA,2021-09-29 13:21:53,FALSE,NA,"1443204384058400777",NA,"<a href=""http://twitter.com/download/iphone"" rel=""nofollow"">Twitter for iPhone</a>","JorgeMunozPe",16,FALSE,FALSE,NA,NA
"¡Hasta que el justo pedido ciudadano fue escuchado! Desde hoy, la Plaza Mayor volvió a ser de todos, con acceso irr… https://t.co/BPp5hMjlS2",FALSE,1397,NA,2021-09-26 22:47:07,TRUE,NA,"1442259468910096387",NA,"<a href=""http://twitter.com/download/iphone"" rel=""nofollow"">Twitter for iPhone</a>","JorgeMunozPe",168,FALSE,FALSE,NA,NA
"No se puede jugar con la estabilidad jurídica de nuestro país; no se puede jugar con el crecimiento económico ni co… https://t.co/JrICzQyfI0",FALSE,2053,"JorgeMunozPe",2021-09-26 17:00:40,TRUE,"1442172279345975297","1442172281870962693","163504378","<a href=""http://twitter.com/download/iphone"" rel=""nofollow"">Twitter for iPhone</a>","JorgeMunozPe",226,FALSE,FALSE,NA,NA
"Presidente @PedroCastilloTe, es inaudito que hace poco usted le dijera a inversionistas extranjeros que no tengan d… https://t.co/L1aqelQSt5",FALSE,2102,"JorgeMunozPe",2021-09-26 17:00:40,TRUE,"1442172277437595650","1442172279345975297","163504378","<a href=""http://twitter.com/download/iphone"" rel=""nofollow"">Twitter for iPhone</a>","JorgeMunozPe",264,FALSE,FALSE,NA,NA
"¿Quién gobierna en el Perú? (1/3)",FALSE,3402,NA,2021-09-26 17:00:39,FALSE,NA,"1442172277437595650",NA,"<a href=""http://twitter.com/download/iphone"" rel=""nofollow"">Twitter for iPhone</a>","JorgeMunozPe",509,FALSE,FALSE,NA,NA
"El 15º #GoreEjecutivo nos plantea muchos retos y tareas pendientes como país. Para afrontarlos, es vital que el Eje… https://t.co/kqNduUNhtJ",FALSE,34,NA,2021-09-24 23:23:14,TRUE,NA,"1441543779958280194",NA,"<a href=""https://mobile.twitter.com"" rel=""nofollow"">Twitter Web App</a>","JorgeMunozPe",3,FALSE,FALSE,NA,NA
"El objetivo es fortalecer los lazos entre los distintos niveles de gobierno y trabajar de manera articulada en torn… https://t.co/qkhAMMdyAv",FALSE,13,"JorgeMunozPe",2021-09-24 00:37:34,TRUE,"1441200076496392197","1441200098084413446","163504378","<a href=""http://twitter.com/download/iphone"" rel=""nofollow"">Twitter for iPhone</a>","JorgeMunozPe",0,FALSE,FALSE,NA,NA
"Queridos vecinos, les informo que venimos participando en el #GoreEjecutivo2021, en Iquitos, evento en el que las a… https://t.co/Tgb49rXdtm",FALSE,32,NA,2021-09-24 00:37:29,TRUE,NA,"1441200076496392197",NA,"<a href=""http://twitter.com/download/iphone"" rel=""nofollow"">Twitter for iPhone</a>","JorgeMunozPe",0,FALSE,FALSE,NA,NA
"@Alemar0211 @PedroCastilloTe @Alemar0211. Te cuento que, desde el primer día, estuvimos llevando agua, las 24 horas… https://t.co/VOiTumBhIs",FALSE,72,"Alemar0211",2021-09-22 16:48:30,TRUE,"1440705842454532098","1440719668721840128","1254869436948975619","<a href=""https://mobile.twitter.com"" rel=""nofollow"">Twitter Web App</a>","JorgeMunozPe",1,FALSE,FALSE,NA,NA
"Justo reclamo de los comerciantes de los alrededores de la Plaza Mayor de Lima por el cierre del perímetro, que imp… https://t.co/mqK1xg3zP0",FALSE,2796,NA,2021-09-22 15:51:37,TRUE,NA,"1440705352786329609",NA,"<a href=""https://mobile.twitter.com"" rel=""nofollow"">Twitter Web App</a>","JorgeMunozPe",608,FALSE,FALSE,NA,NA
"Hoy sostuve una amplia reunión con congresistas de distintas bancadas, con quienes abordamos soluciones a las neces… https://t.co/JxdZit4eih",FALSE,58,NA,2021-09-21 20:03:50,TRUE,NA,"1440406438250094602",NA,"<a href=""http://twitter.com/download/iphone"" rel=""nofollow"">Twitter for iPhone</a>","JorgeMunozPe",4,FALSE,FALSE,NA,NA
"La Plaza Mayor de Lima es un símbolo de identidad para todos los peruanos. Resulta un despropósito que continúe cer… https://t.co/XV7hxB2jBr",FALSE,3727,NA,2021-09-21 17:51:51,TRUE,NA,"1440373220264185873",NA,"<a href=""http://twitter.com/download/iphone"" rel=""nofollow"">Twitter for iPhone</a>","JorgeMunozPe",835,FALSE,FALSE,NA,NA
"Con mucha alegría les informo sobre la próxima creación de un nuevo Centro Integral de Atención al Adulto Mayor (CI… https://t.co/YIlS9g11yo",FALSE,362,NA,2021-09-20 18:08:15,TRUE,NA,"1440014959899983873",NA,"<a href=""https://mobile.twitter.com"" rel=""nofollow"">Twitter Web App</a>","JorgeMunozPe",46,FALSE,FALSE,NA,NA
"Honor y respeto a quienes los combatieron y a sus víctimas. #TerrorismoNuncaMas (2/2)",FALSE,253,"JorgeMunozPe",2021-09-11 19:22:24,FALSE,"1436772130184744960","1436772131992444930","163504378","<a href=""http://twitter.com/download/iphone"" rel=""nofollow"">Twitter for iPhone</a>","JorgeMunozPe",36,FALSE,FALSE,NA,NA
"Ha muerto el mayor genocida de nuestra historia, pero no su banda terrorista. Cumplió insuficiente condena para las… https://t.co/5fr1qRkl0K",FALSE,1076,NA,2021-09-11 19:22:24,TRUE,NA,"1436772130184744960",NA,"<a href=""http://twitter.com/download/iphone"" rel=""nofollow"">Twitter for iPhone</a>","JorgeMunozPe",173,FALSE,FALSE,NA,NA
"Hoy estuvimos con nuestros vecinos de #SJL afectados por el aniego, en el cuarto día de abastecimiento de agua (105… https://t.co/GuJCX4sHlJ",FALSE,83,NA,2021-09-09 23:42:34,TRUE,NA,"1436112828923056130",NA,"<a href=""http://twitter.com/download/iphone"" rel=""nofollow"">Twitter for iPhone</a>","JorgeMunozPe",13,FALSE,FALSE,NA,NA
"La situación causada por el aniego en SJL es nuestra prioridad. Por ello, desde el primer día dispuse el abastecimi… https://t.co/i624vbVZlr",FALSE,135,NA,2021-09-08 21:13:16,TRUE,NA,"1435712868285091841",NA,"<a href=""https://mobile.twitter.com"" rel=""nofollow"">Twitter Web App</a>","JorgeMunozPe",16,FALSE,FALSE,NA,NA
"El Perú no quiere más burocracia, presidente @PedroCastilloTe. Lo que necesitamos es reforzar nuestras institucione… https://t.co/gvJiDYCazM",FALSE,518,NA,2021-09-04 16:36:23,TRUE,NA,"1434193634090536964",NA,"<a href=""http://twitter.com/download/iphone"" rel=""nofollow"">Twitter for iPhone</a>","JorgeMunozPe",95,FALSE,FALSE,NA,NA
"La constancia, esfuerzo y dedicación de Angélica Espinoza nos ha entregado hoy una medalla de oro en los juegos par… https://t.co/yOgV3NyucZ",FALSE,181,NA,2021-09-02 14:48:47,TRUE,NA,"1433441781148962820",NA,"<a href=""http://twitter.com/download/iphone"" rel=""nofollow"">Twitter for iPhone</a>","JorgeMunozPe",17,FALSE,FALSE,NA,NA
"Nunca debemos olvidar que la corrupción y el terrorismo son anclas que frenan el desarrollo y dividen a los peruano… https://t.co/4ogEHqNW6w",FALSE,898,NA,2021-08-25 16:17:00,TRUE,NA,"1430564877270147073",NA,"<a href=""http://twitter.com/download/iphone"" rel=""nofollow"">Twitter for iPhone</a>","JorgeMunozPe",185,FALSE,FALSE,NA,NA
"La reunión que sostuve con el presidente @PedroCastilloTe marca un precedente positivo de buena vecindad y trabajo… https://t.co/njXxjWflz5",FALSE,402,NA,2021-08-18 21:40:55,TRUE,NA,"1428109679062921216",NA,"<a href=""http://twitter.com/download/iphone"" rel=""nofollow"">Twitter for iPhone</a>","JorgeMunozPe",47,FALSE,FALSE,NA,NA
"La renuncia de Héctor Béjar es una muestra de que nuestro país, hoy más que nunca, necesita autoridades comprometid… https://t.co/p7AKnNc3gs",FALSE,178,"JorgeMunozPe",2021-08-17 21:26:13,TRUE,"1427743579317972999","1427743592869675010","163504378","<a href=""https://mobile.twitter.com"" rel=""nofollow"">Twitter Web App</a>","JorgeMunozPe",17,FALSE,FALSE,NA,NA
"Entregamos el monumento a Grau restaurado, en un día muy significativo. Nuestro reconocimiento y agradecimiento ete… https://t.co/QyOGVjLV6M",FALSE,392,NA,2021-08-17 21:26:10,TRUE,NA,"1427743579317972999",NA,"<a href=""https://mobile.twitter.com"" rel=""nofollow"">Twitter Web App</a>","JorgeMunozPe",46,FALSE,FALSE,NA,NA
"Hoy supervisamos los trabajos de estabilización del talud del malecón Castagnola, en Magdalena del Mar. La obra, qu… https://t.co/3S7lbvndxj",FALSE,75,NA,2021-08-12 16:05:50,TRUE,NA,"1425851028352782344",NA,"<a href=""http://twitter.com/download/iphone"" rel=""nofollow"">Twitter for iPhone</a>","JorgeMunozPe",7,FALSE,FALSE,NA,NA
"https://t.co/R7mGCxW7Yi",FALSE,39,NA,2021-08-10 00:59:07,FALSE,NA,"1424898070207209472",NA,"<a href=""http://twitter.com/download/iphone"" rel=""nofollow"">Twitter for iPhone</a>","JorgeMunozPe",6,FALSE,FALSE,NA,NA
"Vacúnate, por quienes ya no están y por quienes aún luchan contra este feroz virus. A puertas de una posible tercer… https://t.co/9rfRB8ziFI",FALSE,71,NA,2021-08-06 15:23:08,TRUE,NA,"1423665954538541067",NA,"<a href=""http://twitter.com/download/iphone"" rel=""nofollow"">Twitter for iPhone</a>","JorgeMunozPe",9,FALSE,FALSE,NA,NA
"Con esta carta, remitida por la vía virtual, reiteramos nuestro compromiso de diálogo con el presidente… https://t.co/TOMGBWTf7B",FALSE,180,NA,2021-08-05 18:24:18,TRUE,NA,"1423349159306874882",NA,"<a href=""https://mobile.twitter.com"" rel=""nofollow"">Twitter Web App</a>","JorgeMunozPe",34,FALSE,FALSE,NA,NA
"Presidente Castillo, está a tiempo de corregir el rumbo y conducir al Perú por el camino de la paz y la unidad. Des… https://t.co/8JVWh9Oq0R",FALSE,9961,NA,2021-07-30 03:30:37,TRUE,NA,"1420949927555960840",NA,"<a href=""http://twitter.com/download/iphone"" rel=""nofollow"">Twitter for iPhone</a>","JorgeMunozPe",1373,FALSE,FALSE,NA,NA
"En el bicentenario patrio, expreso mis buenos deseos a @PedroCastilloTe, desde hoy presidente del Perú. Ratifico mi… https://t.co/xPj6I5glu3",FALSE,279,NA,2021-07-28 16:57:45,TRUE,NA,"1420428276158304266",NA,"<a href=""http://twitter.com/download/iphone"" rel=""nofollow"">Twitter for iPhone</a>","JorgeMunozPe",15,FALSE,FALSE,NA,NA
"Agradezco a @CiudadanosCAD por reconocer 19 iniciativas de la @MuniLima como Buenas Prácticas en Gestión Pública, d… https://t.co/Sm8dOZXSr5",FALSE,84,NA,2021-07-21 02:39:43,TRUE,NA,"1417675626023096326",NA,"<a href=""http://twitter.com/download/iphone"" rel=""nofollow"">Twitter for iPhone</a>","JorgeMunozPe",15,FALSE,FALSE,NA,NA
"Saludo a @PedroCastilloTe, elegido presidente del Perú. Guardo la esperanza de construir un país que dialogue, cier… https://t.co/4r3e491NZe",FALSE,2522,NA,2021-07-20 00:33:09,TRUE,NA,"1417281386638106631",NA,"<a href=""https://mobile.twitter.com"" rel=""nofollow"">Twitter Web App</a>","JorgeMunozPe",298,FALSE,FALSE,NA,NA
"Invoco a los líderes de ambos partidos políticos a exhortar a sus simpatizantes a no movilizarse ni generar aglomer… https://t.co/5bGdWDP9JF",FALSE,2083,NA,2021-07-14 23:20:08,TRUE,NA,"1415451075012870153",NA,"<a href=""https://mobile.twitter.com"" rel=""nofollow"">Twitter Web App</a>","JorgeMunozPe",302,FALSE,FALSE,NA,NA
"Producto de una fructífera alianza con el @Minsa_Peru, hoy es realidad el Centro de Salud Mental Comunitario ""Kuyan… https://t.co/KOCPKD8U4J",FALSE,89,NA,2021-07-13 17:57:37,TRUE,NA,"1415007522306592768",NA,"<a href=""http://twitter.com/download/iphone"" rel=""nofollow"">Twitter for iPhone</a>","JorgeMunozPe",17,FALSE,FALSE,NA,NA
"Nos sumamos a la primera #Vacunatón, impulsada por el @Minsa_Peru y el presidente @FSagasti, a través de 12 brigada… https://t.co/lgieq7o7BN",FALSE,206,NA,2021-07-11 20:28:00,TRUE,NA,"1414320590178160648",NA,"<a href=""http://twitter.com/download/iphone"" rel=""nofollow"">Twitter for iPhone</a>","JorgeMunozPe",22,FALSE,FALSE,NA,NA
"Condeno rotundamente los actos de violencia contra Gahela. Mi total apoyo y compromiso de continuar con las investi… https://t.co/ApyYHgVw31",FALSE,1492,NA,2021-07-09 14:51:16,TRUE,NA,"1413511075295744006",NA,"<a href=""http://twitter.com/download/iphone"" rel=""nofollow"">Twitter for iPhone</a>","JorgeMunozPe",127,FALSE,FALSE,NA,NA
"<U+0001F534> #ENVIVO Los invito a sumarse al Panel de Alto Nivel “Los ODS desde las ciudades"". Junto a autoridades de América… https://t.co/9mG1G8U3qW",FALSE,7,NA,2021-07-08 17:10:03,TRUE,NA,"1413183614150451207",NA,"<a href=""https://mobile.twitter.com"" rel=""nofollow"">Twitter Web App</a>","JorgeMunozPe",2,FALSE,FALSE,NA,NA
"Hoy estuve con @alexperec, titular del @MinCulturaPe, y representantes de las comunidades de Cantagallo y asociacio… https://t.co/EFZa9zy4Ha",FALSE,25,NA,2021-07-08 00:07:53,TRUE,NA,"1412926374894002178",NA,"<a href=""http://twitter.com/download/iphone"" rel=""nofollow"">Twitter for iPhone</a>","JorgeMunozPe",2,FALSE,FALSE,NA,NA
"Los invito a sumarse mañana a este enriquecedor evento junto a los alcaldes de Montevideo, Buenos Aires, Madrid, Rí… https://t.co/ffNgagM6av",FALSE,45,NA,2021-07-07 14:47:23,TRUE,NA,"1412785322425991168",NA,"<a href=""https://mobile.twitter.com"" rel=""nofollow"">Twitter Web App</a>","JorgeMunozPe",5,FALSE,FALSE,NA,NA
"RESUMEN SEMANAL
Vecinos, les comparto algunas de las obras y acciones que ejecutamos esta semana en favor de nuestr… https://t.co/ghIxLkiwfX",FALSE,84,NA,2021-07-04 13:48:37,TRUE,NA,"1411683370426408963",NA,"<a href=""http://twitter.com/download/iphone"" rel=""nofollow"">Twitter for iPhone</a>","JorgeMunozPe",6,FALSE,FALSE,NA,NA
"Quiero invocar a mantener la calma. Ya hemos desplegado personal en las zonas en las que se han presentado desprend… https://t.co/z3RjWRkfuY",FALSE,2433,NA,2021-06-23 04:17:34,TRUE,NA,"1407553391312707588",NA,"<a href=""http://twitter.com/download/iphone"" rel=""nofollow"">Twitter for iPhone</a>","JorgeMunozPe",296,FALSE,FALSE,NA,NA
"Ser padre es una gran bendición y una gran responsabilidad. Quiero saludar a todos los padres que, con su esfuerzo… https://t.co/I9VTTtgWT8",FALSE,370,NA,2021-06-20 16:14:27,TRUE,NA,"1406646638727344128",NA,"<a href=""http://twitter.com/download/iphone"" rel=""nofollow"">Twitter for iPhone</a>","JorgeMunozPe",19,FALSE,FALSE,NA,NA
"Con alegría informo que Lima se ha convertido en la primera ciudad del país en desarrollar un Plan Local de Cambio… https://t.co/GbV1u4CTyx",FALSE,198,NA,2021-06-04 18:38:49,TRUE,NA,"1400884765075513344",NA,"<a href=""http://twitter.com/download/iphone"" rel=""nofollow"">Twitter for iPhone</a>","JorgeMunozPe",30,FALSE,FALSE,NA,NA
"https://t.co/KNH56llsLk",FALSE,144,NA,2021-06-03 23:00:09,FALSE,NA,"1400588144475529217",NA,"<a href=""https://mobile.twitter.com"" rel=""nofollow"">Twitter Web App</a>","JorgeMunozPe",31,FALSE,FALSE,NA,NA
"Quiero enfatizar que NO hemos otorgado ni otorgaremos autorización alguna para realizar mítines de cierre de campañ… https://t.co/TsyRHky3G9",FALSE,5179,NA,2021-06-02 22:57:18,TRUE,NA,"1400225038125633538",NA,"<a href=""http://twitter.com/download/iphone"" rel=""nofollow"">Twitter for iPhone</a>","JorgeMunozPe",619,FALSE,FALSE,NA,NA
"Hoy, más que nunca, los peruanos NO vamos a permitir que el terror vuelva a azotar a nuestro país. Nunca más miedo,… https://t.co/HbNWMG6rAp",FALSE,368,"JorgeMunozPe",2021-05-24 18:47:22,TRUE,"1396900648139083781","1396900649749688320","163504378","<a href=""http://twitter.com/download/iphone"" rel=""nofollow"">Twitter for iPhone</a>","JorgeMunozPe",53,FALSE,FALSE,NA,NA
"¡Enemigos del Perú! Mi absoluto repudio al atentado terrorista en San Miguel del Ene, en el VRAEM, en el que 18 per… https://t.co/ESYF0zGPpK",FALSE,810,NA,2021-05-24 18:47:22,TRUE,NA,"1396900648139083781",NA,"<a href=""http://twitter.com/download/iphone"" rel=""nofollow"">Twitter for iPhone</a>","JorgeMunozPe",146,FALSE,FALSE,NA,NA
"Expreso mi absoluto rechazo a las agresiones contra hombres y mujeres de prensa que cubren esta segunda vuelta. La… https://t.co/8k9NGBHDhz",FALSE,2029,NA,2021-05-20 17:15:19,TRUE,NA,"1395427932177371139",NA,"<a href=""https://mobile.twitter.com"" rel=""nofollow"">Twitter Web App</a>","JorgeMunozPe",327,FALSE,FALSE,NA,NA
"Mis más sentidas condolencias a la esposa, hijos, familiares y amigos de Pío Salazar Villarán, alcalde de La Punta,… https://t.co/DfTVuZjGHh",FALSE,145,NA,2021-05-07 20:09:13,TRUE,NA,"1390760651761594368",NA,"<a href=""https://mobile.twitter.com"" rel=""nofollow"">Twitter Web App</a>","JorgeMunozPe",15,FALSE,FALSE,NA,NA
"Junto al titular del @MINPRODUCCION, @joseluischicoma, instalamos hoy una mesa técnica de trabajo con el firme obje… https://t.co/hyGytGwP8d",FALSE,43,NA,2021-05-06 17:40:52,TRUE,NA,"1390360933013282821",NA,"<a href=""http://twitter.com/download/iphone"" rel=""nofollow"">Twitter for iPhone</a>","JorgeMunozPe",10,FALSE,FALSE,NA,NA
"En pocos minutos estaremos junto a las madres de la olla común Villa Mosha, en San Juan de Lurigancho, a quienes ll… https://t.co/1nJ99E13uP",FALSE,46,NA,2021-05-05 16:35:08,TRUE,NA,"1389982000963067905",NA,"<a href=""http://twitter.com/download/iphone"" rel=""nofollow"">Twitter for iPhone</a>","JorgeMunozPe",8,FALSE,FALSE,NA,NA
"Vecinos, comparto con ustedes esta nota del @DiarioElPeruano en la que se habla de la recuperación de espacios públ… https://t.co/ABOb018lix",FALSE,41,NA,2021-04-30 18:03:31,TRUE,NA,"1388192306533109762",NA,"<a href=""http://twitter.com/download/iphone"" rel=""nofollow"">Twitter for iPhone</a>","JorgeMunozPe",8,FALSE,FALSE,NA,NA
"Indignación por la falta de respeto del @Minsa_Peru a 700 adultos mayores que deben vacunarse hoy en el CD Torre Ta… https://t.co/WjPrfI68cE",FALSE,330,NA,2021-04-23 16:04:14,TRUE,NA,"1385625572827701257",NA,"<a href=""http://twitter.com/download/iphone"" rel=""nofollow"">Twitter for iPhone</a>","JorgeMunozPe",121,FALSE,FALSE,NA,NA
"Como autoridad metropolitana, vengo trabajando junto con el @MinCulturaPe y la @PoliciaPeru para garantizar una sal… https://t.co/XVhLdOki1Y",FALSE,205,"JorgeMunozPe",2021-04-13 17:10:24,TRUE,"1382018340030398468","1382018341821370369","163504378","<a href=""https://mobile.twitter.com"" rel=""nofollow"">Twitter Web App</a>","JorgeMunozPe",19,FALSE,FALSE,NA,NA
"La necesidad de vivienda en nuestro país es innegable, pero no puede ser usada como escudo para violentar las norma… https://t.co/SXMAaXVRmE",FALSE,318,NA,2021-04-13 17:10:23,TRUE,NA,"1382018340030398468",NA,"<a href=""https://mobile.twitter.com"" rel=""nofollow"">Twitter Web App</a>","JorgeMunozPe",37,FALSE,FALSE,NA,NA
"Mis más sentidas condolencias a la esposa, hijos y familiares de Rolando Esteban Aguirre, regidor metropolitano, qu… https://t.co/OpxLyz5Bkb",FALSE,78,NA,2021-04-10 23:30:11,TRUE,NA,"1381026757281742853",NA,"<a href=""http://twitter.com/download/iphone"" rel=""nofollow"">Twitter for iPhone</a>","JorgeMunozPe",12,FALSE,FALSE,NA,NA
"Este domingo es un día crucial para nuestro país. Emitamos un voto responsable y, sobre todo, cuidemos nuestra salu… https://t.co/ZWh2XaDdbE",FALSE,429,NA,2021-04-10 19:14:34,TRUE,NA,"1380962429060968450",NA,"<a href=""http://twitter.com/download/iphone"" rel=""nofollow"">Twitter for iPhone</a>","JorgeMunozPe",56,FALSE,FALSE,NA,NA
"Una demora que NO debe volver a repetirse, y que debe llamar a la reflexión a entidades como el @Minsa_Peru y el… https://t.co/uqfJpQD8a0",FALSE,7,"JorgeMunozPe",2021-04-06 17:06:50,TRUE,"1379480721371320326","1379480733123743745","163504378","<a href=""http://twitter.com/download/iphone"" rel=""nofollow"">Twitter for iPhone</a>","JorgeMunozPe",1,FALSE,FALSE,NA,NA
"Hoy, 108 adultos mayores del albergue municipal María Rosario Aráoz Pinto, en SJM, han esperado por más de tres hor… https://t.co/oTbziyoSAT",FALSE,11,NA,2021-04-06 17:06:48,TRUE,NA,"1379480721371320326",NA,"<a href=""http://twitter.com/download/iphone"" rel=""nofollow"">Twitter for iPhone</a>","JorgeMunozPe",4,FALSE,FALSE,NA,NA
"En pocos minutos participaremos de la segunda jornada de vacunación contra el #COVID19 en favor de más de 100 adult… https://t.co/KxhmQD0mFZ",FALSE,58,NA,2021-04-06 13:45:32,TRUE,NA,"1379430071123857408",NA,"<a href=""http://twitter.com/download/iphone"" rel=""nofollow"">Twitter for iPhone</a>","JorgeMunozPe",5,FALSE,FALSE,NA,NA
"Vamos a agotar todas las instancias para esclarecer cada uno de los cuestionamientos y generar una norma en benefic… https://t.co/oyT5HTFBfI",FALSE,37,"JorgeMunozPe",2021-04-01 00:43:46,TRUE,"1377421394850406401","1377421396062609409","163504378","<a href=""http://twitter.com/download/iphone"" rel=""nofollow"">Twitter for iPhone</a>","JorgeMunozPe",2,FALSE,FALSE,NA,NA
"El Concejo Municipal aprobó hoy por mayoría la suspensión de los efectos del Reajuste Integral de Zonificación de L… https://t.co/DKbxusdEzl",FALSE,87,NA,2021-04-01 00:43:46,TRUE,NA,"1377421394850406401",NA,"<a href=""http://twitter.com/download/iphone"" rel=""nofollow"">Twitter for iPhone</a>","JorgeMunozPe",8,FALSE,FALSE,NA,NA
"He planteado también que todos  los miembros del Concejo suscriban una Declaración Jurada a fin de transparentar qu… https://t.co/iZLwTltKNo",FALSE,123,"JorgeMunozPe",2021-03-25 17:34:50,TRUE,"1375139120398356484","1375139121669279744","163504378","<a href=""http://twitter.com/download/android"" rel=""nofollow"">Twitter for Android</a>","JorgeMunozPe",13,FALSE,FALSE,NA,NA
"Vecinos, les comparto lo que fue la Reunión Anual de Alcaldes organizada por el @el_BID. Esta vez, el encuentro se… https://t.co/7Ng6DAVyih",FALSE,25,NA,2021-03-23 19:16:20,TRUE,NA,"1374439890373332995",NA,"<a href=""http://twitter.com/download/iphone"" rel=""nofollow"">Twitter for iPhone</a>","JorgeMunozPe",3,FALSE,FALSE,NA,NA
"Mi más sentidas condolencias a los deudos y amigos de Monseñor Luis Bambarén SJ, tras su sensible fallecimiento. Al… https://t.co/1NoykGVAiV",FALSE,64,NA,2021-03-19 17:44:32,TRUE,NA,"1372967235363430400",NA,"<a href=""https://mobile.twitter.com"" rel=""nofollow"">Twitter Web App</a>","JorgeMunozPe",6,FALSE,FALSE,NA,NA
"Estoy proponiendo al Concejo  Metropolitano de Lima que la Vía Expresa Paseo de la República lleve el nombre de Lui… https://t.co/xszriOqsfc",FALSE,123,"JorgeMunozPe",2021-03-18 17:39:32,TRUE,"1372603589466656771","1372603591119212545","163504378","<a href=""http://twitter.com/download/iphone"" rel=""nofollow"">Twitter for iPhone</a>","JorgeMunozPe",11,FALSE,FALSE,NA,NA
"Lamento profundamente el fallecimiento de Luis Bedoya Reyes, fundador del Partido Popular Cristiano (PPC), incansab… https://t.co/huchtDBIm5",FALSE,228,NA,2021-03-18 17:39:32,TRUE,NA,"1372603589466656771",NA,"<a href=""http://twitter.com/download/iphone"" rel=""nofollow"">Twitter for iPhone</a>","JorgeMunozPe",20,FALSE,FALSE,NA,NA
"Vecinos, en breves momentos participaremos  del Foro de Cooperación digital Corea - Latinoamérica 2021, en el que t… https://t.co/noOTcXgKJy",FALSE,26,NA,2021-03-18 02:03:25,TRUE,NA,"1372368008337833985",NA,"<a href=""http://twitter.com/download/android"" rel=""nofollow"">Twitter for Android</a>","JorgeMunozPe",2,FALSE,FALSE,NA,NA
"Nos reunimos con los ministros del ambiente, cultura y vivienda para dialogar sobre el RIZ de Lurín. Acordamos mant… https://t.co/iAxA0vOSjp",FALSE,49,NA,2021-03-17 22:55:01,TRUE,NA,"1372320599108952064",NA,"<a href=""https://mobile.twitter.com"" rel=""nofollow"">Twitter Web App</a>","JorgeMunozPe",3,FALSE,FALSE,NA,NA
"En el #DíaInternacionalDeLaMujer quiero expresar mi aprecio y reconocimiento a todas ustedes por esa lucha diaria e… https://t.co/M8Rch89h4X",FALSE,62,NA,2021-03-08 14:46:16,TRUE,NA,"1368936106733998080",NA,"<a href=""http://twitter.com/download/android"" rel=""nofollow"">Twitter for Android</a>","JorgeMunozPe",8,FALSE,FALSE,NA,NA
"Quiero expresar mi más sentido pésame a las familias de Víctor Eloy Espinoza y Jorge Marticorena, alcaldes de Pucus… https://t.co/0Od05kkoDy",FALSE,363,NA,2021-03-01 22:44:22,TRUE,NA,"1366519709676544002",NA,"<a href=""http://twitter.com/download/android"" rel=""nofollow"">Twitter for Android</a>","JorgeMunozPe",42,FALSE,FALSE,NA,NA
"Comprometidos en la lucha contra el #COVID19, entregamos una planta de oxígeno en SJL, ubicada en nuestro local de… https://t.co/LUC82vd9ft",FALSE,390,NA,2021-02-19 14:42:19,TRUE,NA,"1362774521200148481",NA,"<a href=""http://twitter.com/download/android"" rel=""nofollow"">Twitter for Android</a>","JorgeMunozPe",49,FALSE,FALSE,NA,NA
"Hoy participamos de la decimotercera edición del #GoreEjecutivo en el que se abordaron acciones para la atención de… https://t.co/krgBSocIs6",FALSE,14,NA,2021-02-16 18:59:05,TRUE,NA,"1361751972483899401",NA,"<a href=""http://twitter.com/download/iphone"" rel=""nofollow"">Twitter for iPhone</a>","JorgeMunozPe",2,FALSE,FALSE,NA,NA
"Informo a la ciudadanía de Lima que el gerente de Desarrollo Social y presidente del SISOL, Dr. Carlos Contreras, h… https://t.co/GFgnGTljaY",FALSE,5750,NA,2021-02-16 15:22:36,TRUE,NA,"1361697496372809729",NA,"<a href=""http://twitter.com/download/android"" rel=""nofollow"">Twitter for Android</a>","JorgeMunozPe",927,FALSE,FALSE,NA,NA
"Exijo que se transparente la información y que se haga una exhaustiva investigación. 2/2",FALSE,144,"JorgeMunozPe",2021-02-15 02:26:15,FALSE,"1361139730000281600","1361139731216666625","163504378","<a href=""http://twitter.com/download/android"" rel=""nofollow"">Twitter for Android</a>","JorgeMunozPe",12,FALSE,FALSE,NA,NA
"Mi total rechazo ante los casos de funcionarios vacunados indebidamente contra el #COVID19. Es indignante que miles… https://t.co/6Dv8ChE8Ov",FALSE,724,NA,2021-02-15 02:26:15,TRUE,NA,"1361139730000281600",NA,"<a href=""http://twitter.com/download/android"" rel=""nofollow"">Twitter for Android</a>","JorgeMunozPe",86,FALSE,FALSE,NA,NA
"La licenciada Gladys Isla, coordinadora de campañas de Sisol Salud, ha venido luchando en primera línea de manera i… https://t.co/zlr3wHkFDH",FALSE,128,NA,2021-02-10 01:15:14,TRUE,NA,"1359309920655523843",NA,"<a href=""https://mobile.twitter.com"" rel=""nofollow"">Twitter Web App</a>","JorgeMunozPe",9,FALSE,FALSE,NA,NA
"En reunión con representantes de #MesaRedonda acordamos desarrollar, de manera conjunta, planes para ordenar y recu… https://t.co/g66V5p133l",FALSE,69,NA,2021-02-09 23:59:20,TRUE,NA,"1359290820403343361",NA,"<a href=""http://twitter.com/download/iphone"" rel=""nofollow"">Twitter for iPhone</a>","JorgeMunozPe",10,FALSE,FALSE,NA,NA
"300 mil dosis de esperanza llegaron hoy a nuestro país, un gran primer paso para vencer al #Covid19. Nosotros pondr… https://t.co/BsOKyoEmaX",FALSE,421,NA,2021-02-08 03:05:11,TRUE,NA,"1358612815502802947",NA,"<a href=""http://twitter.com/download/android"" rel=""nofollow"">Twitter for Android</a>","JorgeMunozPe",26,FALSE,FALSE,NA,NA
"El amor por la patria no debe ser jamás escudo de la violencia. Rechazo tajantemente las agresiones que presenciamo… https://t.co/MnRJaOncnt",FALSE,1721,NA,2020-11-13 16:27:42,TRUE,NA,"1327287029869187072",NA,"<a href=""http://twitter.com/download/android"" rel=""nofollow"">Twitter for Android</a>","JorgeMunozPe",175,FALSE,FALSE,NA,NA
"Siempre apoyaré el derecho de los ciudadanos a la expresión libre y pacífica, pero su ejercicio no debe nunca teñir… https://t.co/cmEfwJfgin",FALSE,2139,NA,2020-11-11 13:27:56,TRUE,NA,"1326517016119955459",NA,"<a href=""http://twitter.com/download/android"" rel=""nofollow"">Twitter for Android</a>","JorgeMunozPe",282,FALSE,FALSE,NA,NA
"Es un momento tan difícil para el país, los demócratas tenemos la responsabilidad de anteponer los intereses de los… https://t.co/fr9oygQVDb",FALSE,2179,NA,2020-11-10 00:39:11,TRUE,NA,"1325961165038628864",NA,"<a href=""http://twitter.com/download/android"" rel=""nofollow"">Twitter for Android</a>","JorgeMunozPe",225,FALSE,FALSE,NA,NA
"Asimismo, tras años de abandono, se ha recuperado La Parada, zona tomada por quienes no creían en el bien común. Es… https://t.co/TOTswTmMf0",FALSE,75,"JorgeMunozPe",2020-11-09 13:27:59,TRUE,"1325792251407183877","1325792253500137472","163504378","<a href=""http://twitter.com/download/iphone"" rel=""nofollow"">Twitter for iPhone</a>","JorgeMunozPe",7,FALSE,FALSE,NA,NA
"Tierra  Prometida ya es realidad. Hemos iniciado el traslado de 2.745 comerciantes al mercado de Santa Anita, lo qu… https://t.co/tXawFxxiBP",FALSE,214,NA,2020-11-09 13:27:59,TRUE,NA,"1325792251407183877",NA,"<a href=""http://twitter.com/download/iphone"" rel=""nofollow"">Twitter for iPhone</a>","JorgeMunozPe",17,FALSE,FALSE,NA,NA
"Hoy nos reunimos los alcaldes de distritos marítimos con el viceministro de Hacienda José Chávez y le planteamos al… https://t.co/WWd7bXZOcl",FALSE,27,"JorgeMunozPe",2020-10-24 20:03:31,TRUE,"1320093584335511553","1320093586143301636","163504378","<a href=""https://mobile.twitter.com"" rel=""nofollow"">Twitter Web App</a>","JorgeMunozPe",2,FALSE,FALSE,NA,NA
"La lucha contra el #COVID19 es de todos, sin embargo el D.S. sobre el control de playas dictado por el Ejecutivo no… https://t.co/PgM0gwcg3d",FALSE,53,NA,2020-10-24 20:03:31,TRUE,NA,"1320093584335511553",NA,"<a href=""https://mobile.twitter.com"" rel=""nofollow"">Twitter Web App</a>","JorgeMunozPe",7,FALSE,FALSE,NA,NA
"El objetivo es sumar esfuerzos para evitar que las playas se conviertan en un foco infeccioso de #Covid19, garantiz… https://t.co/ZjOp5rYuw8",FALSE,35,"JorgeMunozPe",2020-10-09 15:26:43,TRUE,"1314588104808960000","1314588106453069829","163504378","<a href=""http://twitter.com/download/iphone"" rel=""nofollow"">Twitter for iPhone</a>","JorgeMunozPe",7,FALSE,FALSE,NA,NA
"Los municipios de San Miguel, Magdalena, San Isidro, Chorrillos, Barranco y Miraflores, junto con la @MuniLima, pre… https://t.co/61gvH58i9w",FALSE,130,NA,2020-10-09 15:26:42,TRUE,NA,"1314588104808960000",NA,"<a href=""http://twitter.com/download/iphone"" rel=""nofollow"">Twitter for iPhone</a>","JorgeMunozPe",17,FALSE,FALSE,NA,NA
"Hacemos extensivo también el reconocimiento a nuestra gloriosa Marina de Guerra del Perú (@naval_peru) por sus 199… https://t.co/gHETNbLrkh",FALSE,25,"JorgeMunozPe",2020-10-08 14:50:40,TRUE,"1314216638074564608","1314216646966300673","163504378","<a href=""https://mobile.twitter.com"" rel=""nofollow"">Twitter Web App</a>","JorgeMunozPe",1,FALSE,FALSE,NA,NA
"El amor por el Perú, la valentía y la solidaridad son valores que el Almirante Don Miguel Grau practicó hasta el úl… https://t.co/Rk77uhAgOU",FALSE,56,NA,2020-10-08 14:50:38,TRUE,NA,"1314216638074564608",NA,"<a href=""https://mobile.twitter.com"" rel=""nofollow"">Twitter Web App</a>","JorgeMunozPe",5,FALSE,FALSE,NA,NA
"entre los comerciantes, @MINPRODUCCION, @MininterPeru, @MuniLima y la Mun. de la Victoria, en la que se ha puesto p… https://t.co/xnZaCPAE4X",FALSE,50,"JorgeMunozPe",2020-10-07 13:52:42,TRUE,"1313839663589789696","1313839672351756289","163504378","<a href=""http://twitter.com/download/iphone"" rel=""nofollow"">Twitter for iPhone</a>","JorgeMunozPe",8,FALSE,FALSE,NA,NA
"Luego de 7 años, esta madrugada, se iniciaron las labores de adecuación en Tierra Prometida (Santa Anita) para impl… https://t.co/pHl45CE4vr",FALSE,166,NA,2020-10-07 13:52:40,TRUE,NA,"1313839663589789696",NA,"<a href=""http://twitter.com/download/iphone"" rel=""nofollow"">Twitter for iPhone</a>","JorgeMunozPe",18,FALSE,FALSE,NA,NA
"Producto de una legislación cómo ésta, se ha venido limitando enormemente y durante años la posibilidad de una prof… https://t.co/irFcEGNExy",FALSE,403,"JorgeMunozPe",2020-10-06 15:32:14,TRUE,"1313502329509945344","1313502331015761922","163504378","<a href=""https://mobile.twitter.com"" rel=""nofollow"">Twitter Web App</a>","JorgeMunozPe",51,FALSE,FALSE,NA,NA
"Expreso mi total desacuerdo con las dos iniciativas legislativas que pretenden ampliar las autorizaciones de las ru… https://t.co/Sla4P6ijF9",FALSE,1435,NA,2020-10-06 15:32:13,TRUE,NA,"1313502329509945344",NA,"<a href=""https://mobile.twitter.com"" rel=""nofollow"">Twitter Web App</a>","JorgeMunozPe",247,FALSE,FALSE,NA,NA
"Estuvimos en SISOL mostrando las pruebas de antígeno, que detectan el #COVID19 en 15 minutos, y que ya implementamo… https://t.co/KLTL1Qshwd",FALSE,64,NA,2020-10-05 21:52:58,TRUE,NA,"1313235759432962050",NA,"<a href=""https://mobile.twitter.com"" rel=""nofollow"">Twitter Web App</a>","JorgeMunozPe",12,FALSE,FALSE,NA,NA
"incumpliendo las condiciones para el tendido de una red eléctrica subterránea, demoliendo pistas recientemente cons… https://t.co/Lw2A3QX8h5",FALSE,73,"JorgeMunozPe",2020-10-04 15:54:07,TRUE,"1312783062300790787","1312783065190629376","163504378","<a href=""https://mobile.twitter.com"" rel=""nofollow"">Twitter Web App</a>","JorgeMunozPe",11,FALSE,FALSE,NA,NA
"Uno de los principios que rige nuestra gestión es articular los esfuerzos necesarios para un solo fin: el bienestar… https://t.co/wuRAgrivNQ",FALSE,132,NA,2020-10-04 15:54:07,TRUE,NA,"1312783062300790787",NA,"<a href=""https://mobile.twitter.com"" rel=""nofollow"">Twitter Web App</a>","JorgeMunozPe",25,FALSE,FALSE,NA,NA
"Quiero expresar mi más profundo reconocimiento a todos los periodistas en su día. Su labor es medular en la formaci… https://t.co/n4g7fP1iz8",FALSE,115,NA,2020-10-01 17:44:39,TRUE,NA,"1311723718822055938",NA,"<a href=""http://twitter.com/download/android"" rel=""nofollow"">Twitter for Android</a>","JorgeMunozPe",5,FALSE,FALSE,NA,NA
"Sin perjuicio de ello, muchas otras vienen ya ejecutándose y serán pronto entregadas. Nuestro objetivo es seguir me… https://t.co/tML04MCUOp",FALSE,53,"JorgeMunozPe",2020-09-25 23:59:47,TRUE,"1309643770275782656","1309643794485309440","163504378","<a href=""http://twitter.com/download/android"" rel=""nofollow"">Twitter for Android</a>","JorgeMunozPe",9,FALSE,FALSE,NA,NA
"Las demandas de nuestra ciudad son muchas y trabajamos incansablemente para satisfacerlas. Hoy, el Concejo Metropol… https://t.co/o0AoSuCL9E",FALSE,131,NA,2020-09-25 23:59:41,TRUE,NA,"1309643770275782656",NA,"<a href=""http://twitter.com/download/android"" rel=""nofollow"">Twitter for Android</a>","JorgeMunozPe",28,FALSE,FALSE,NA,NA
"Hoy rendimos honores en su día a todos aquellos valerosos soldados, aviadores y marinos que nos defienden en primer… https://t.co/QUgmTVVNVz",FALSE,106,NA,2020-09-24 18:08:41,TRUE,NA,"1309193051231989760",NA,"<a href=""https://mobile.twitter.com"" rel=""nofollow"">Twitter Web App</a>","JorgeMunozPe",6,FALSE,FALSE,NA,NA
"Es nuestra determinación trasladar a los ambulantes de La Parada a Tierra Prometida. Por ello, venimos buscando alt… https://t.co/2p6xHEr16I",FALSE,273,NA,2020-09-21 17:47:37,TRUE,NA,"1308100583837110273",NA,"<a href=""https://mobile.twitter.com"" rel=""nofollow"">Twitter Web App</a>","JorgeMunozPe",25,FALSE,FALSE,NA,NA
"Mantengamos la distancia social, usemos bien las mascarillas, respiremos aire limpio y hagamos ejercicio en parques… https://t.co/GxS3yLleRc",FALSE,265,"JorgeMunozPe",2020-09-19 21:13:47,TRUE,"1307427691197595659","1307427692938178561","163504378","<a href=""https://mobile.twitter.com"" rel=""nofollow"">Twitter Web App</a>","JorgeMunozPe",22,FALSE,FALSE,NA,NA
"Este domingo sin autos, Lima puede marcar un antes y un después en su historia y tú puedes ser parte de ella. Invit… https://t.co/2Dkw8jsw5M",FALSE,1266,NA,2020-09-19 21:13:47,TRUE,NA,"1307427691197595659",NA,"<a href=""https://mobile.twitter.com"" rel=""nofollow"">Twitter Web App</a>","JorgeMunozPe",126,FALSE,FALSE,NA,NA
"Saludo decisión mayoritaria del @congresoperu de haber puesto por delante los intereses de 30 millones de peruanos.… https://t.co/Mkh9sZtfwQ",FALSE,395,NA,2020-09-19 17:55:34,TRUE,NA,"1307377809480974341",NA,"<a href=""https://mobile.twitter.com"" rel=""nofollow"">Twitter Web App</a>","JorgeMunozPe",26,FALSE,FALSE,NA,NA
"No avalo las conductas de quienes irresponsablemente atropellan los valores democráticos, afectan la institucionali… https://t.co/Z6sHivgsF5",FALSE,429,"JorgeMunozPe",2020-09-12 16:48:01,TRUE,"1304824095385812994","1304824096388272128","163504378","<a href=""http://twitter.com/download/android"" rel=""nofollow"">Twitter for Android</a>","JorgeMunozPe",49,FALSE,FALSE,NA,NA
"En momentos de grave crisis, cuando la democracia y la institucionalidad son puestas a prueba, los peruanos tenemos… https://t.co/QpznrMztEb",FALSE,622,NA,2020-09-12 16:48:01,TRUE,NA,"1304824095385812994",NA,"<a href=""http://twitter.com/download/android"" rel=""nofollow"">Twitter for Android</a>","JorgeMunozPe",87,FALSE,FALSE,NA,NA
"El servicio troncal del Metropolitano está garantizado y se restablecerán gradualmente las rutas alimentadoras.Ello… https://t.co/fOENgLea5n",FALSE,133,NA,2020-09-10 23:56:42,TRUE,NA,"1304207202345984001",NA,"<a href=""http://twitter.com/download/iphone"" rel=""nofollow"">Twitter for iPhone</a>","JorgeMunozPe",34,FALSE,FALSE,NA,NA
"Mi hondo pesar por el fallecimiento de Martín Huerto, obrero atrapado en el inmueble que colapsó a causa de una con… https://t.co/nYlKw0rZwu",FALSE,681,NA,2020-09-09 17:58:04,TRUE,NA,"1303754560205357057",NA,"<a href=""http://twitter.com/download/android"" rel=""nofollow"">Twitter for Android</a>","JorgeMunozPe",88,FALSE,FALSE,NA,NA
"La @MuniLima saluda este gran acontecimiento en nuestra historia, que debe servirnos como permanente inspiración pa… https://t.co/NCZXrHgwkT",FALSE,47,"JorgeMunozPe",2020-09-07 20:07:28,TRUE,"1303062348991795208","1303062350564655105","163504378","<a href=""https://mobile.twitter.com"" rel=""nofollow"">Twitter Web App</a>","JorgeMunozPe",4,FALSE,FALSE,NA,NA
"Hoy conmemoramos los 65 años de una de las mayores conquistas democráticas en nuestro país, como es el reconocimien… https://t.co/Gyh2Wx1DzT",FALSE,247,NA,2020-09-07 20:07:28,TRUE,NA,"1303062348991795208",NA,"<a href=""https://mobile.twitter.com"" rel=""nofollow"">Twitter Web App</a>","JorgeMunozPe",28,FALSE,FALSE,NA,NA
"velen porque sus inmuebles no sean utilizados en espectáculos públicos donde se ejerza tortura contra los animales.… https://t.co/lNPGt4a6NH",FALSE,1118,"JorgeMunozPe",2020-09-01 00:49:59,TRUE,"1300596728995942400","1300596730845593600","163504378","<a href=""http://twitter.com/download/android"" rel=""nofollow"">Twitter for Android</a>","JorgeMunozPe",138,FALSE,FALSE,NA,NA
"Quedó muy claro que la supremacía de la vida sobre el maltrato animal es política de este gobierno municipal, y est… https://t.co/99REsmKqGf",FALSE,2265,NA,2020-09-01 00:49:58,TRUE,NA,"1300596728995942400",NA,"<a href=""http://twitter.com/download/android"" rel=""nofollow"">Twitter for Android</a>","JorgeMunozPe",364,FALSE,FALSE,NA,NA
"Pondremos a disposición los establecimientos de Sisol para la toma de pruebas rápidas y moleculares, implementaremo… https://t.co/TuhIzoFCWl",FALSE,81,"JorgeMunozPe",2020-08-31 22:28:54,TRUE,"1300561224061644800","1300561225709948933","163504378","<a href=""https://mobile.twitter.com"" rel=""nofollow"">Twitter Web App</a>","JorgeMunozPe",14,FALSE,FALSE,NA,NA
"Acabo de culminar una reunión de trabajo con la ministra de Salud, Pilar Mazzetti, en la que hemos acordado trabaja… https://t.co/sCwdA9laaw",FALSE,151,NA,2020-08-31 22:28:53,TRUE,NA,"1300561224061644800",NA,"<a href=""https://mobile.twitter.com"" rel=""nofollow"">Twitter Web App</a>","JorgeMunozPe",13,FALSE,FALSE,NA,NA
"Una vida dedicada a proteger y ayudar al prójimo caracterizó a Santa Rosa de Lima, santa peruana y patrona de Améri… https://t.co/uJxJ6UP9xv",FALSE,420,NA,2020-08-30 17:07:20,TRUE,NA,"1300117914499112965",NA,"<a href=""https://mobile.twitter.com"" rel=""nofollow"">Twitter Web App</a>","JorgeMunozPe",46,FALSE,FALSE,NA,NA
"Estamos seguros de que esta iniciativa sentará las bases de una Lima más unida y eficiente en beneficio de nuestros… https://t.co/IxHAgbf6Mh",FALSE,71,"JorgeMunozPe",2020-08-22 00:45:23,TRUE,"1296971688693895169","1296971697288085505","163504378","<a href=""http://twitter.com/download/android"" rel=""nofollow"">Twitter for Android</a>","JorgeMunozPe",2,FALSE,FALSE,NA,NA
"Hoy presentamos un proyecto de Ley al presidente del @congresoperu, Manuel Merino, con el cual proponemos la creaci… https://t.co/rRsA32xY6w",FALSE,324,NA,2020-08-22 00:45:21,TRUE,NA,"1296971688693895169",NA,"<a href=""http://twitter.com/download/android"" rel=""nofollow"">Twitter for Android</a>","JorgeMunozPe",49,FALSE,FALSE,NA,NA
"Hoy mantuvimos una fructífera reunión con el primer ministro @WalterMartosR, a quien le hicimos llegar propuestas q… https://t.co/UbkAzwBCH4",FALSE,267,NA,2020-08-18 01:29:03,TRUE,NA,"1295533135397093383",NA,"<a href=""http://twitter.com/download/android"" rel=""nofollow"">Twitter for Android</a>","JorgeMunozPe",32,FALSE,FALSE,NA,NA
"Mi absoluto rechazo contra cualquier tipo de violencia y mi solidaridad ante la agresión de la que ha sido víctima… https://t.co/RzrI4zrfHV",FALSE,886,NA,2020-08-10 15:10:09,TRUE,NA,"1292840667945873415",NA,"<a href=""https://mobile.twitter.com"" rel=""nofollow"">Twitter Web App</a>","JorgeMunozPe",135,FALSE,FALSE,NA,NA
"Espero que los agresores sean castigados con todo el peso de la ley. Los agentes heridos cuentan con todo el respal… https://t.co/tctjagvdWx",FALSE,117,"JorgeMunozPe",2020-08-08 02:15:38,TRUE,"1291920977908113408","1291920978990292993","163504378","<a href=""http://twitter.com/download/android"" rel=""nofollow"">Twitter for Android</a>","JorgeMunozPe",12,FALSE,FALSE,NA,NA
"Hoy la @PoliciaPeru capturó a un grupo de delincuentes que ayer atacó salvajemente a 4 fiscalizadores municipales d… https://t.co/yCYA9wVjuV",FALSE,355,NA,2020-08-08 02:15:38,TRUE,NA,"1291920977908113408",NA,"<a href=""http://twitter.com/download/android"" rel=""nofollow"">Twitter for Android</a>","JorgeMunozPe",44,FALSE,FALSE,NA,NA
"Estoy seguro de que su gran capacidad de gestión, coherencia y apertura, permitirán fortalecer el trabajo del Ejecu… https://t.co/JDiyqYhgtQ",FALSE,68,"JorgeMunozPe",2020-08-06 17:53:26,TRUE,"1291432204791418892","1291432206284529664","163504378","<a href=""https://mobile.twitter.com"" rel=""nofollow"">Twitter Web App</a>","JorgeMunozPe",4,FALSE,FALSE,NA,NA
"Expreso mis más sinceras felicitaciones a @WalterMartosR, quien asume como titular de la @pcmperu en medio de una s… https://t.co/mNhPK8oGnG",FALSE,215,NA,2020-08-06 17:53:25,TRUE,NA,"1291432204791418892",NA,"<a href=""https://mobile.twitter.com"" rel=""nofollow"">Twitter Web App</a>","JorgeMunozPe",15,FALSE,FALSE,NA,NA
"Una pandemia que ha generado gran dolor en miles de familias y que ha desacelerado drásticamente nuestro crecimient… https://t.co/WlfReX16tS",FALSE,85,"JorgeMunozPe",2020-07-28 15:58:07,TRUE,"1288141695075454976","1288141696874745856","163504378","<a href=""https://mobile.twitter.com"" rel=""nofollow"">Twitter Web App</a>","JorgeMunozPe",13,FALSE,FALSE,NA,NA
"Hoy conmemoramos el 199° aniversario de la independencia y lo hacemos pensando en nuestra historia, en los grandes… https://t.co/NwE8gAEHhp",FALSE,274,NA,2020-07-28 15:58:07,TRUE,NA,"1288141695075454976",NA,"<a href=""https://mobile.twitter.com"" rel=""nofollow"">Twitter Web App</a>","JorgeMunozPe",32,FALSE,FALSE,NA,NA
"Mi solidaridad a los familiares de las víctimas.",FALSE,77,"JorgeMunozPe",2020-07-16 18:38:34,FALSE,"1283833419085033472","1283833420376932354","163504378","<a href=""https://mobile.twitter.com"" rel=""nofollow"">Twitter Web App</a>","JorgeMunozPe",4,FALSE,FALSE,NA,NA
"Hace 28 años, un día como hoy, dos coches bomba acabaron con la vida de 25 peruanos. El atentado en calle #Tarata e… https://t.co/Yf0jRnAXic",FALSE,514,NA,2020-07-16 18:38:34,TRUE,NA,"1283833419085033472",NA,"<a href=""https://mobile.twitter.com"" rel=""nofollow"">Twitter Web App</a>","JorgeMunozPe",98,FALSE,FALSE,NA,NA
"Felicito al nuevo Gabinete, presidido por @PCaterianoB, con quien esperamos fortalecer el trabajo con el Ejecutivo… https://t.co/1VCtIZK8k4",FALSE,193,NA,2020-07-15 18:06:46,TRUE,NA,"1283463029800271874",NA,"<a href=""https://mobile.twitter.com"" rel=""nofollow"">Twitter Web App</a>","JorgeMunozPe",12,FALSE,FALSE,NA,NA
"Luego de una reunión realizada esta mañana con representantes de los corredores, hemos logrado asegurar la continui… https://t.co/YeGno0kDoL",FALSE,44,NA,2020-07-15 17:48:26,TRUE,NA,"1283458414752956418",NA,"<a href=""https://mobile.twitter.com"" rel=""nofollow"">Twitter Web App</a>","JorgeMunozPe",6,FALSE,FALSE,NA,NA
"La buena disposición de todos los actores permitirá que más de 300 mil usuarios sigan beneficiándose con este siste… https://t.co/gPwXIjKn2y",FALSE,100,"JorgeMunozPe",2020-07-15 03:37:14,TRUE,"1283244189820620800","1283244203737337858","163504378","<a href=""http://twitter.com/download/android"" rel=""nofollow"">Twitter for Android</a>","JorgeMunozPe",11,FALSE,FALSE,NA,NA
"Tras una larga jornada de conversaciones con técnicos de la Municipalidad de Lima, Protransporte, MEF y MTC, además… https://t.co/RngzBnYtaI",FALSE,545,NA,2020-07-15 03:37:11,TRUE,NA,"1283244189820620800",NA,"<a href=""http://twitter.com/download/android"" rel=""nofollow"">Twitter for Android</a>","JorgeMunozPe",75,FALSE,FALSE,NA,NA
"En este momento, en conferencia  de prensa desde la sede del MEF junto a los representantes de los concesionarios d… https://t.co/W9sfnkQ2BY",FALSE,35,NA,2020-07-14 17:49:00,TRUE,NA,"1283096169481109507",NA,"<a href=""https://mobile.twitter.com"" rel=""nofollow"">Twitter Web App</a>","JorgeMunozPe",9,FALSE,FALSE,NA,NA
"Hemos dejado todo el sustento técnico solicitado por el MEF para evitar la paralización de los servicios del Metrop… https://t.co/xD7yvHicVk",FALSE,396,NA,2020-07-11 16:44:26,TRUE,NA,"1281992756588576768",NA,"<a href=""https://mobile.twitter.com"" rel=""nofollow"">Twitter Web App</a>","JorgeMunozPe",73,FALSE,FALSE,NA,NA
"Hoy entregamos a la ministra de Economía el sustento económico y legal recientemente solicitado por el MEF a fin de… https://t.co/lGifrdPin1",FALSE,166,NA,2020-07-11 15:52:19,TRUE,NA,"1281979643814457344",NA,"<a href=""http://twitter.com/download/android"" rel=""nofollow"">Twitter for Android</a>","JorgeMunozPe",22,FALSE,FALSE,NA,NA
"Equipos técnicos del MEF, MTC y Protransporte se reúnen esta mañana en la MML para encontrar una solución concreta… https://t.co/Fje2oktVXK",FALSE,98,NA,2020-07-10 15:45:02,TRUE,NA,"1281615423620952066",NA,"<a href=""http://twitter.com/download/android"" rel=""nofollow"">Twitter for Android</a>","JorgeMunozPe",27,FALSE,FALSE,NA,NA
"Transferencias por puchos no sirven. Sin la subvención sustentada por la Municipalidad a la PCM, los buses tendrán… https://t.co/1jAECc62Io",FALSE,73,"JorgeMunozPe",2020-07-08 21:44:56,TRUE,"1280981215634391045","1280981217635115022","163504378","<a href=""https://mobile.twitter.com"" rel=""nofollow"">Twitter Web App</a>","JorgeMunozPe",15,FALSE,FALSE,NA,NA
"Pdte. Vizcarra, transferir S/8 millones pendientes para desinfección de unidades como si fueran para la subvención… https://t.co/Bw8JeymLlB",FALSE,150,NA,2020-07-08 21:44:55,TRUE,NA,"1280981215634391045",NA,"<a href=""https://mobile.twitter.com"" rel=""nofollow"">Twitter Web App</a>","JorgeMunozPe",40,FALSE,FALSE,NA,NA
"Y es en situaciones difíciles como las que afronta hoy el país en las que tenemos la gran oportunidad de seguir ese… https://t.co/HOxqK19eiV",FALSE,40,"JorgeMunozPe",2020-07-07 19:29:08,TRUE,"1280584650684014593","1280584655310331905","163504378","<a href=""https://mobile.twitter.com"" rel=""nofollow"">Twitter Web App</a>","JorgeMunozPe",2,FALSE,FALSE,NA,NA
"Un día como hoy, en el que se conmemora un aniversario más de Acción Popular, quiero invocar a la reflexión sobre l… https://t.co/oygZkbWsVk",FALSE,164,NA,2020-07-07 19:29:07,TRUE,NA,"1280584650684014593",NA,"<a href=""https://mobile.twitter.com"" rel=""nofollow"">Twitter Web App</a>","JorgeMunozPe",21,FALSE,FALSE,NA,NA
"El tesoro más grande de un país son sus ciudadanos, y los encargados de formarlos son nuestros queridos maestros. S… https://t.co/7PiRqSA0bM",FALSE,41,NA,2020-07-06 21:09:49,TRUE,NA,"1280247604962570240",NA,"<a href=""https://mobile.twitter.com"" rel=""nofollow"">Twitter Web App</a>","JorgeMunozPe",5,FALSE,FALSE,NA,NA
"El Ejecutivo se comprometió a solucionar la situación del Metropolitano y corredores viales. 
El gran beneficiado s… https://t.co/52S5bessgC",FALSE,72,NA,2020-07-03 23:37:30,TRUE,NA,"1279197605067710464",NA,"<a href=""http://twitter.com/download/android"" rel=""nofollow"">Twitter for Android</a>","JorgeMunozPe",12,FALSE,FALSE,NA,NA
"Gobierno excluye del subsidio económico al Metropolitano y a los corredores viales; inexplicable e inconcebible gol… https://t.co/bvFtM561B0",FALSE,1187,NA,2020-07-03 02:32:00,TRUE,NA,"1278879132701675520",NA,"<a href=""https://mobile.twitter.com"" rel=""nofollow"">Twitter Web App</a>","JorgeMunozPe",264,FALSE,FALSE,NA,NA
"El transporte público es un servicio esencial para millones de peruanos. No se puede poner en riesgo su sostenibili… https://t.co/55xBpe7SZH",FALSE,182,"JorgeMunozPe",2020-07-02 14:37:07,TRUE,"1278699225992306693","1278699227456167938","163504378","<a href=""https://mobile.twitter.com"" rel=""nofollow"">Twitter Web App</a>","JorgeMunozPe",36,FALSE,FALSE,NA,NA
"Señor Presidente, ¿127 millones de soles de subsidio para el transporte público en todo el Peru? Es un monto absolu… https://t.co/dqFjEIVazi",FALSE,357,NA,2020-07-02 14:37:07,TRUE,NA,"1278699225992306693",NA,"<a href=""https://mobile.twitter.com"" rel=""nofollow"">Twitter Web App</a>","JorgeMunozPe",82,FALSE,FALSE,NA,NA
"Hoy inició la nueva normalidad. Por eso supervisamos el funcionamiento del Metropolitano desde el terminal Naranjal… https://t.co/iMZhNKRcs7",FALSE,63,NA,2020-07-01 23:29:39,TRUE,NA,"1278470854867742721",NA,"<a href=""http://twitter.com/download/android"" rel=""nofollow"">Twitter for Android</a>","JorgeMunozPe",8,FALSE,FALSE,NA,NA
"Hoy estuvimos en la Plazuela de las Artes, en el Cercado, como parte de la segunda campaña de salud preventiva Lima… https://t.co/u1reQFaftZ",FALSE,33,NA,2020-07-01 21:11:29,TRUE,NA,"1278436086386167808",NA,"<a href=""https://mobile.twitter.com"" rel=""nofollow"">Twitter Web App</a>","JorgeMunozPe",2,FALSE,FALSE,NA,NA
"Hoy miles de peruanos reanudan sus labores y actividades. En esta nueva etapa, los invoco a ser responsables y prud… https://t.co/UdNBlFZsBV",FALSE,697,NA,2020-07-01 19:23:34,TRUE,NA,"1278408926652960771",NA,"<a href=""http://twitter.com/download/iphone"" rel=""nofollow"">Twitter for iPhone</a>","JorgeMunozPe",90,FALSE,FALSE,NA,NA
"Segunda jornada de la Operación Tayta en el barrio Villa María del Perpetuo Socorro, en el Cercado de Lima. Hoy vis… https://t.co/JKUpI17bKY",FALSE,59,NA,2020-06-30 22:44:40,TRUE,NA,"1278097147552989184",NA,"<a href=""https://mobile.twitter.com"" rel=""nofollow"">Twitter Web App</a>","JorgeMunozPe",7,FALSE,FALSE,NA,NA
"La Municipalidad Metropolitana de Lima y el Ministerio de la Producción orientaron a los comerciantes para que pued… https://t.co/21tvvzmbye",FALSE,22,"JorgeMunozPe",2020-06-25 19:39:32,TRUE,"1276237796685029377","1276238617019658240","163504378","<a href=""https://mobile.twitter.com"" rel=""nofollow"">Twitter Web App</a>","JorgeMunozPe",0,FALSE,FALSE,NA,NA
"Hoy hicimos una visita a Mesa Redonda, con el ministro de Defensa, Walter Martos, y el Viceministro de MYPE e Indus… https://t.co/oYHEiu0tBg",FALSE,40,NA,2020-06-25 19:36:16,TRUE,NA,"1276237796685029377",NA,"<a href=""https://mobile.twitter.com"" rel=""nofollow"">Twitter Web App</a>","JorgeMunozPe",0,FALSE,FALSE,NA,NA
"Con voluntad de mejoras, continuamos trabajando para seguir avanzando.",FALSE,19,"JorgeMunozPe",2020-06-25 03:34:38,FALSE,"1275995790100529152","1275995792021622785","163504378","<a href=""https://mobile.twitter.com"" rel=""nofollow"">Twitter Web App</a>","JorgeMunozPe",5,FALSE,FALSE,NA,NA
"Hoy estuvimos en San Juan de Miraflores, verificando el trabajo de los comerciantes informales en el club zonal Hua… https://t.co/ZxHyew0soy",FALSE,44,NA,2020-06-25 03:34:37,TRUE,NA,"1275995790100529152",NA,"<a href=""https://mobile.twitter.com"" rel=""nofollow"">Twitter Web App</a>","JorgeMunozPe",5,FALSE,FALSE,NA,NA
"Vecinos, el confinamiento social nos pone grandes retos y por eso requerimos grandes ideas. Hoy nos toca unirnos po… https://t.co/UsKXJwp3eN",FALSE,43,NA,2020-06-25 00:56:45,TRUE,NA,"1275956058603900928",NA,"<a href=""https://mobile.twitter.com"" rel=""nofollow"">Twitter Web App</a>","JorgeMunozPe",27,FALSE,FALSE,NA,NA
"Las personas empadronadas en el distrito de La Victoria podrán realizar sus exámenes médicos hasta el sábado 27 de… https://t.co/dUu9u454gS",FALSE,18,"JorgeMunozPe",2020-06-24 23:55:44,TRUE,"1275940702493556737","1275940704884228096","163504378","<a href=""https://mobile.twitter.com"" rel=""nofollow"">Twitter Web App</a>","JorgeMunozPe",1,FALSE,FALSE,NA,NA
"Hoy presentamos, junto con el alcalde de La Victoria, George Forsyth, y el presidente del Fondo Blanquiazul, Diego… https://t.co/z2RnoR0HIh",FALSE,57,NA,2020-06-24 23:55:43,TRUE,NA,"1275940702493556737",NA,"<a href=""https://mobile.twitter.com"" rel=""nofollow"">Twitter Web App</a>","JorgeMunozPe",8,FALSE,FALSE,NA,NA
"Señor Presidente @MartinVizcarraC todo mi apoyo en la negociación de tarifas justas en las UCI de las clínicas priv… https://t.co/XYURug7dI6",FALSE,907,"JorgeMunozPe",2020-06-24 21:25:58,TRUE,"1275903012251279360","1275903013769658372","163504378","<a href=""https://mobile.twitter.com"" rel=""nofollow"">Twitter Web App</a>","JorgeMunozPe",166,FALSE,FALSE,NA,NA
"Siempre pondré por delante los intereses, derechos y la vida de los ciudadanos. Siempre defenderé el acceso a los s… https://t.co/ty0rwpC6og",FALSE,955,NA,2020-06-24 21:25:57,TRUE,NA,"1275903012251279360",NA,"<a href=""https://mobile.twitter.com"" rel=""nofollow"">Twitter Web App</a>","JorgeMunozPe",176,FALSE,FALSE,NA,NA
"Mi reconocimiento y agradecimiento a los hombres y mujeres del campo en el Día del Campesino, porque con su trabajo… https://t.co/s05dUkB9Qf",FALSE,171,NA,2020-06-24 17:51:58,TRUE,NA,"1275849161515110401",NA,"<a href=""https://mobile.twitter.com"" rel=""nofollow"">Twitter Web App</a>","JorgeMunozPe",21,FALSE,FALSE,NA,NA
"En el Día de las Lenguas Originarias del Perú, queremos agradecer a las personas que desde ayer siguen en línea nue… https://t.co/e3bGB54Pv0",FALSE,63,NA,2020-05-27 21:32:57,TRUE,NA,"1265757910245740548",NA,"<a href=""https://mobile.twitter.com"" rel=""nofollow"">Twitter Web App</a>","JorgeMunozPe",6,FALSE,FALSE,NA,NA
"Como decía el presidente Belaunde, los grandes partidos políticos no aparecen por obra del azar. Se hacen grandes p… https://t.co/FzVmqVhhKf",FALSE,579,"JorgeMunozPe",2020-05-27 17:19:17,TRUE,"1265694074444660738","1265694076667641858","163504378","<a href=""https://mobile.twitter.com"" rel=""nofollow"">Twitter Web App</a>","JorgeMunozPe",65,FALSE,FALSE,NA,NA
"Medidas y propuestas populistas como la modificatoria de la Constitución o la Ley pro colectivos informales, solo g… https://t.co/FQ7dLxDWH8",FALSE,619,"JorgeMunozPe",2020-05-27 17:19:17,TRUE,"1265694072704032768","1265694074444660738","163504378","<a href=""https://mobile.twitter.com"" rel=""nofollow"">Twitter Web App</a>","JorgeMunozPe",69,FALSE,FALSE,NA,NA
"Pretender convocar a un referéndum en pleno estado de emergencia, con millones de peruanos afectados producto de es… https://t.co/I7iZY5OYTs",FALSE,2600,NA,2020-05-27 17:19:17,TRUE,NA,"1265694072704032768",NA,"<a href=""https://mobile.twitter.com"" rel=""nofollow"">Twitter Web App</a>","JorgeMunozPe",429,FALSE,FALSE,NA,NA
"Hemos realizado en los últimos días una campaña de despistaje de COVID-19 para los comerciantes y habilitado  señal… https://t.co/E0QYbX9tj7",FALSE,29,"JorgeMunozPe",2020-05-25 17:26:30,TRUE,"1264970176136654854","1264971115614670849","163504378","<a href=""https://mobile.twitter.com"" rel=""nofollow"">Twitter Web App</a>","JorgeMunozPe",4,FALSE,FALSE,NA,NA
"Hoy estamos en el Mercado Municipal Gran Mariscal Ramón Castilla a fin de garantizar un espacio seguro y saludable… https://t.co/n9lgW8vHms",FALSE,102,NA,2020-05-25 17:22:46,TRUE,NA,"1264970176136654854",NA,"<a href=""https://mobile.twitter.com"" rel=""nofollow"">Twitter Web App</a>","JorgeMunozPe",19,FALSE,FALSE,NA,NA
"Queridos vecinos, desde el Metropolitano supervisamos la toma de pruebas para descarte de #COVID19 a los usuarios y… https://t.co/dPqrXROupF",FALSE,65,NA,2020-05-25 14:57:26,TRUE,NA,"1264933600027443200",NA,"<a href=""https://mobile.twitter.com"" rel=""nofollow"">Twitter Web App</a>","JorgeMunozPe",7,FALSE,FALSE,NA,NA
"Se ha dado un paso muy importante para la ampliación del tramo norte del Metropolitano, que llegará hasta Carabayll… https://t.co/zVmjVl9dKR",FALSE,266,NA,2020-05-22 19:12:44,TRUE,NA,"1263910686373163008",NA,"<a href=""http://twitter.com/download/iphone"" rel=""nofollow"">Twitter for iPhone</a>","JorgeMunozPe",53,FALSE,FALSE,NA,NA
"Hoy estamos iniciando la jornada de limpieza, desinfección y fumigación de todos los espacios del mercado Ramón Cas… https://t.co/Bvv6ziuhgG",FALSE,158,NA,2020-05-21 15:38:29,TRUE,NA,"1263494378556882945",NA,"<a href=""http://twitter.com/download/iphone"" rel=""nofollow"">Twitter for iPhone</a>","JorgeMunozPe",29,FALSE,FALSE,NA,NA
"Esta mañana presenté oficialmente, ante la @pcmperu, el manifiesto que plantea estrategias territoriales que involu… https://t.co/DEKPDMe5uA",FALSE,73,NA,2020-05-20 23:51:27,TRUE,NA,"1263256051740225541",NA,"<a href=""https://mobile.twitter.com"" rel=""nofollow"">Twitter Web App</a>","JorgeMunozPe",9,FALSE,FALSE,NA,NA
"Esta mañana el presidente @MartinVizcarraC, me invitó a participar en la sesión del Consejo de Ministros, donde pud… https://t.co/5fgiypbfXS",FALSE,524,NA,2020-05-20 17:11:29,TRUE,NA,"1263155395352317954",NA,"<a href=""http://twitter.com/download/iphone"" rel=""nofollow"">Twitter for iPhone</a>","JorgeMunozPe",76,FALSE,FALSE,NA,NA
"Hoy estuve junto al ministro de Salud, Víctor Zamora, supervisando la toma de pruebas rápidas para descarte de COVI… https://t.co/PKZFNQTlpH",FALSE,209,NA,2020-05-20 15:29:07,TRUE,NA,"1263129636294193153",NA,"<a href=""http://twitter.com/download/iphone"" rel=""nofollow"">Twitter for iPhone</a>","JorgeMunozPe",33,FALSE,FALSE,NA,NA
"Me pongo la #MascarillaVioleta para enfrentar todo tipo de violencia en la ciudad. ¡No estás sola!, si eres víctima… https://t.co/F9SAlvaHEs",FALSE,504,NA,2020-05-19 02:35:56,TRUE,NA,"1262572668299227138",NA,"<a href=""http://twitter.com/download/iphone"" rel=""nofollow"">Twitter for iPhone</a>","JorgeMunozPe",81,FALSE,FALSE,NA,NA
"Pido al @congresoperu legislar para dar soporte legal, técnico y financiero necesario para el  fortalecimiento y de… https://t.co/KfFyvPoY1X",FALSE,604,"JorgeMunozPe",2020-05-14 22:51:48,TRUE,"1261066710737653760","1261066712126021640","163504378","<a href=""http://twitter.com/download/iphone"" rel=""nofollow"">Twitter for iPhone</a>","JorgeMunozPe",95,FALSE,FALSE,NA,NA
"No solo porque se afectaría enormemente el transporte formal, sino porque además se convertirían en focos de contag… https://t.co/OM8Li0pu4N",FALSE,500,"JorgeMunozPe",2020-05-14 22:51:47,TRUE,"1261066709387169795","1261066710737653760","163504378","<a href=""http://twitter.com/download/iphone"" rel=""nofollow"">Twitter for iPhone</a>","JorgeMunozPe",87,FALSE,FALSE,NA,NA
"La informalidad es uno de los grandes problemas de nuestro país y lamentablemente, ha sido un factor determinante p… https://t.co/NY9hudoEyq",FALSE,1539,NA,2020-05-14 22:51:47,TRUE,NA,"1261066709387169795",NA,"<a href=""http://twitter.com/download/iphone"" rel=""nofollow"">Twitter for iPhone</a>","JorgeMunozPe",301,FALSE,FALSE,NA,NA
"Esto nos permitirá seguir garantizando el servicio de transporte público en esta emergencia, además de seguir fomen… https://t.co/Eh7UZ75cD4",FALSE,136,"JorgeMunozPe",2020-05-12 14:24:58,TRUE,"1260214388100923395","1260214389912854530","163504378","<a href=""https://mobile.twitter.com"" rel=""nofollow"">Twitter Web App</a>","JorgeMunozPe",20,FALSE,FALSE,NA,NA
"Hoy se publicó la norma que aprueba la transferencia de casi S/ 25 millones a la @MuniLima, atendiendo nuestro pedi… https://t.co/uGMnaMgsWf",FALSE,456,NA,2020-05-12 14:24:58,TRUE,NA,"1260214388100923395",NA,"<a href=""https://mobile.twitter.com"" rel=""nofollow"">Twitter Web App</a>","JorgeMunozPe",83,FALSE,FALSE,NA,NA
"Gracias a todas las madres del Perú por su lucha constante, por su amor infinito y por esa gran fortaleza para afro… https://t.co/Xrt9nzBJ1h",FALSE,278,NA,2020-05-10 16:37:41,TRUE,NA,"1259523011922866178",NA,"<a href=""http://twitter.com/download/iphone"" rel=""nofollow"">Twitter for iPhone</a>","JorgeMunozPe",34,FALSE,FALSE,NA,NA
"Último martillazo; o se logra aplanar la curva o se aplana la credibilidad de los gobernantes. Saludo que el SPR ha… https://t.co/LYqN870MOI",FALSE,1564,NA,2020-05-08 21:32:35,TRUE,NA,"1258872448491024384",NA,"<a href=""https://mobile.twitter.com"" rel=""nofollow"">Twitter Web App</a>","JorgeMunozPe",232,FALSE,FALSE,NA,NA
"Comparto con ustedes el video del Manifiesto: https://t.co/pKfjYFwMEL",FALSE,36,"JorgeMunozPe",2020-05-08 15:42:05,FALSE,"1258784242848477186","1258784244236726275","163504378","<a href=""http://twitter.com/download/iphone"" rel=""nofollow"">Twitter for iPhone</a>","JorgeMunozPe",6,FALSE,FALSE,NA,NA
"El trabajo coordinado entre diferentes niveles de gobierno será fundamental para una adecuada y gradual flexibiliza… https://t.co/6D5zk3FbDA",FALSE,68,"JorgeMunozPe",2020-05-08 15:42:05,TRUE,"1258784240663179269","1258784242848477186","163504378","<a href=""http://twitter.com/download/iphone"" rel=""nofollow"">Twitter for iPhone</a>","JorgeMunozPe",14,FALSE,FALSE,NA,NA
"He presentado hoy un Manifiesto que plantea una serie de estrategias para enfrentar la segunda etapa del COVID-19,… https://t.co/iO1XVNfZ3v",FALSE,281,NA,2020-05-08 15:42:04,TRUE,NA,"1258784240663179269",NA,"<a href=""http://twitter.com/download/iphone"" rel=""nofollow"">Twitter for iPhone</a>","JorgeMunozPe",31,FALSE,FALSE,NA,NA
"Urge la necesidad de formar una mesa de trabajo con la participación de los diferentes sectores económicos y social… https://t.co/IKUj3tE5CY",FALSE,48,"JorgeMunozPe",2020-05-05 01:17:55,TRUE,"1257479604249518080","1257479606027853825","163504378","<a href=""http://twitter.com/download/iphone"" rel=""nofollow"">Twitter for iPhone</a>","JorgeMunozPe",4,FALSE,FALSE,NA,NA
"Muy agradecido por sus valiosos aportes que nos permiten un análisis amplio de cara a potenciar las acciones del ej… https://t.co/tkG2bcQTFv",FALSE,58,"JorgeMunozPe",2020-05-05 01:17:55,TRUE,"1257479602072625153","1257479604249518080","163504378","<a href=""http://twitter.com/download/iphone"" rel=""nofollow"">Twitter for iPhone</a>","JorgeMunozPe",7,FALSE,FALSE,NA,NA
"A fin de propiciar un nuevo esfuerzo para contener y mitigar el Covid-19 y contribuir a preparar una reactivación g… https://t.co/1UswpniYdD",FALSE,225,NA,2020-05-05 01:17:54,TRUE,NA,"1257479602072625153",NA,"<a href=""http://twitter.com/download/iphone"" rel=""nofollow"">Twitter for iPhone</a>","JorgeMunozPe",24,FALSE,FALSE,NA,NA
"Saludo esta iniciativa que busca articular el trabajo del Ejecutivo con los gobiernos locales frente al Covid-19. T… https://t.co/xc51PPrjWI",FALSE,50,"JorgeMunozPe",2020-05-04 23:06:53,TRUE,"1257446628442738688","1257446630904733698","163504378","<a href=""https://mobile.twitter.com"" rel=""nofollow"">Twitter Web App</a>","JorgeMunozPe",4,FALSE,FALSE,NA,NA
"En este momento me encuentro participando, junto con alcaldes distritales y provinciales de @PeruAmpe, de una video… https://t.co/gQV2wKi9Pv",FALSE,160,NA,2020-05-04 23:06:53,TRUE,NA,"1257446628442738688",NA,"<a href=""https://mobile.twitter.com"" rel=""nofollow"">Twitter Web App</a>","JorgeMunozPe",24,FALSE,FALSE,NA,NA
"Esta emergencia nos ha enseñado que #EnLimaNosAyudamosTodos. Gracias al apoyo de la empresa privada recibiremos 94… https://t.co/Wfb5SzOeOa",FALSE,215,NA,2020-05-04 16:57:54,TRUE,NA,"1257353772201848832",NA,"<a href=""http://twitter.com/download/iphone"" rel=""nofollow"">Twitter for iPhone</a>","JorgeMunozPe",26,FALSE,FALSE,NA,NA
"Con mucha esperanza, anunciamos la implementación del albergue permanente la Casa de Todos. Se trata de un refugio… https://t.co/CmKWz9UrrC",FALSE,1816,NA,2020-05-04 02:31:18,TRUE,NA,"1257135687389806593",NA,"<a href=""http://twitter.com/download/iphone"" rel=""nofollow"">Twitter for iPhone</a>","JorgeMunozPe",273,FALSE,FALSE,NA,NA
"Hoy la Casa de Todos en Acho cumple un mes cambiando la vida de personas que antes vivían en la calle y que ahora t… https://t.co/37zpXQwHMj",FALSE,843,NA,2020-05-01 22:26:36,TRUE,NA,"1256349330409172992",NA,"<a href=""http://twitter.com/download/iphone"" rel=""nofollow"">Twitter for iPhone</a>","JorgeMunozPe",88,FALSE,FALSE,NA,NA
"Que estas circunstancias tan difíciles que nos toca vivir y en la que se conmemora el Día del Trabajador, nos impul… https://t.co/wNndI082QJ",FALSE,161,NA,2020-05-01 16:30:18,TRUE,NA,"1256259664301502465",NA,"<a href=""http://twitter.com/download/iphone"" rel=""nofollow"">Twitter for iPhone</a>","JorgeMunozPe",21,FALSE,FALSE,NA,NA
"Está iniciativa incluirá parqueaderos de bicicletas, señalética horizontal/vertical y elementos de seguridad. Nuest… https://t.co/N1bmLeblVA",FALSE,576,"JorgeMunozPe",2020-04-29 14:48:39,TRUE,"1255509303710056448","1255509306650365954","163504378","<a href=""http://twitter.com/download/iphone"" rel=""nofollow"">Twitter for iPhone</a>","JorgeMunozPe",66,FALSE,FALSE,NA,NA
"Hemos iniciado hoy la implementación de una red de 46 km de ciclovías temporales, que unirá hospitales, centros de… https://t.co/eKJpyKmDgb",FALSE,3353,NA,2020-04-29 14:48:38,TRUE,NA,"1255509303710056448",NA,"<a href=""http://twitter.com/download/iphone"" rel=""nofollow"">Twitter for iPhone</a>","JorgeMunozPe",610,FALSE,FALSE,NA,NA
"Está iniciativa incluirá parqueadores de bicicletas, señalética horizontal/vertical y elementos de seguridad. Nuest… https://t.co/UlVwSvd4sC",FALSE,61,"JorgeMunozPe",2020-04-29 14:37:11,TRUE,"1255506418297450497","1255506422210707461","163504378","<a href=""http://twitter.com/download/iphone"" rel=""nofollow"">Twitter for iPhone</a>","JorgeMunozPe",9,FALSE,FALSE,NA,NA
"Comparto con ustedes una entrevista realizada esta noche en Canal N, donde conversamos sobre la importancia de incl… https://t.co/xeQpkUXqwd",FALSE,81,NA,2020-04-29 02:40:47,TRUE,NA,"1255326132095913984",NA,"<a href=""https://mobile.twitter.com"" rel=""nofollow"">Twitter Web App</a>","JorgeMunozPe",17,FALSE,FALSE,NA,NA
"@NicolePillman @MuniLima Gracias Nicole, es un momento difícil para muchos peruanos. Por ello, a través de la MML,… https://t.co/vbdanlvUfz",FALSE,10,"NicolePillman",2020-04-26 20:08:29,TRUE,"1254464845044502530","1254502632686858240","20596024","<a href=""http://twitter.com/download/iphone"" rel=""nofollow"">Twitter for iPhone</a>","JorgeMunozPe",0,FALSE,FALSE,NA,NA
"Accede al formulario de inscripción y forma parte de esta gran iniciativa: https://t.co/xXrKVd4mDF 
#EnLimaNosCuidamosTodos (3/3)",FALSE,41,"JorgeMunozPe",2020-04-26 17:37:47,FALSE,"1254464704908603393","1254464706812809217","163504378","<a href=""http://twitter.com/download/iphone"" rel=""nofollow"">Twitter for iPhone</a>","JorgeMunozPe",13,FALSE,FALSE,NA,NA
"Buscamos seguir promoviendo la participación cultural de las familias limeñas, a través de medios virtuales e incen… https://t.co/ZZt5wgF4UJ",FALSE,44,"JorgeMunozPe",2020-04-26 17:37:47,TRUE,"1254464442554867714","1254464704908603393","163504378","<a href=""http://twitter.com/download/iphone"" rel=""nofollow"">Twitter for iPhone</a>","JorgeMunozPe",9,FALSE,FALSE,NA,NA
"Invitamos a artistas y creadores de nuestra ciudad a participar en la primera convocatoria de Cultura desde Casa, u… https://t.co/SaHnrMxyiB",FALSE,290,NA,2020-04-26 17:36:44,TRUE,NA,"1254464442554867714",NA,"<a href=""http://twitter.com/download/iphone"" rel=""nofollow"">Twitter for iPhone</a>","JorgeMunozPe",81,FALSE,FALSE,NA,NA
"Ellos no solo son héroes en esta pandemia, ellos son los héroes de nuestra ciudad siempre, porque tienen la gran mi… https://t.co/RHN6w3tWEp",FALSE,283,NA,2020-04-26 00:25:53,TRUE,NA,"1254205018644905985",NA,"<a href=""https://mobile.twitter.com"" rel=""nofollow"">Twitter Web App</a>","JorgeMunozPe",35,FALSE,FALSE,NA,NA
"Estuve junto al ministro de Salud en el Hospital Hipólito Unanue. Hoy, gracias a un convenio interinstitucional ent… https://t.co/G27ClDWZoX",FALSE,152,NA,2020-04-24 17:23:51,TRUE,NA,"1253736423053840386",NA,"<a href=""http://twitter.com/download/iphone"" rel=""nofollow"">Twitter for iPhone</a>","JorgeMunozPe",31,FALSE,FALSE,NA,NA
"Luego de esta etapa, quedan aprendizajes como repensar nuestras ciudades, una estrategia con enfoque social, atenci… https://t.co/0LuYUPQiGk",FALSE,161,"JorgeMunozPe",2020-04-24 16:31:42,TRUE,"1253723294987169794","1253723298317434881","163504378","<a href=""http://twitter.com/download/iphone"" rel=""nofollow"">Twitter for iPhone</a>","JorgeMunozPe",13,FALSE,FALSE,NA,NA
"Enriquecedor intercambio de experiencias, a través de una videoconferencia con alcaldes de Bogotá, Buenos Aires, Ma… https://t.co/zdON3vXADc",FALSE,510,NA,2020-04-24 16:31:41,TRUE,NA,"1253723294987169794",NA,"<a href=""http://twitter.com/download/iphone"" rel=""nofollow"">Twitter for iPhone</a>","JorgeMunozPe",62,FALSE,FALSE,NA,NA
"Dia 39 del estado de emergencia. Presidente @MartinVizcarraC es momento de incorporar a gobiernos locales en toma d… https://t.co/Mhzr1lY0gT",FALSE,866,NA,2020-04-23 20:56:33,TRUE,NA,"1253427566133698562",NA,"<a href=""http://twitter.com/download/iphone"" rel=""nofollow"">Twitter for iPhone</a>","JorgeMunozPe",155,FALSE,FALSE,NA,NA
"Invoco al Ejecutivo incluir a los gobiernos locales en la Comisión para la reactivación de la economía, pues se deb… https://t.co/JNrwGeM5pF",FALSE,544,"JorgeMunozPe",2020-04-23 18:38:53,TRUE,"1253392915692470272","1253392918494228480","163504378","<a href=""http://twitter.com/download/iphone"" rel=""nofollow"">Twitter for iPhone</a>","JorgeMunozPe",54,FALSE,FALSE,NA,NA
"Gracias presidente @MartinVizcarraC por la valiente decisión de ampliar la cuarentena en nuestro país. Es una medid… https://t.co/hw0YZWKgyk",FALSE,2732,NA,2020-04-23 18:38:52,TRUE,NA,"1253392915692470272",NA,"<a href=""http://twitter.com/download/iphone"" rel=""nofollow"">Twitter for iPhone</a>","JorgeMunozPe",263,FALSE,FALSE,NA,NA
"Pido al presidente @MartinVizcarraC ampliar el aislamiento y concentrar las próximas dos semanas en reforzar las ac… https://t.co/KcQ5jXAcBZ",FALSE,466,"JorgeMunozPe",2020-04-23 01:23:49,TRUE,"1253132428669050881","1253132437732962305","163504378","<a href=""http://twitter.com/download/iphone"" rel=""nofollow"">Twitter for iPhone</a>","JorgeMunozPe",66,FALSE,FALSE,NA,NA
"Desde el día 1 del estado de emergencia apoyamos la estrategia del Ejecutivo para combatir el Covid-19. Hoy con el… https://t.co/V6ZweW23Fm",FALSE,392,NA,2020-04-23 01:23:47,TRUE,NA,"1253132428669050881",NA,"<a href=""http://twitter.com/download/iphone"" rel=""nofollow"">Twitter for iPhone</a>","JorgeMunozPe",68,FALSE,FALSE,NA,NA
"Productiva reunión con viceministro y asesores del @Minsa_Peru y @MuniLima. Buscamos generar un trabajo coordinado… https://t.co/axNWinYmpG",FALSE,82,NA,2020-04-22 01:10:19,TRUE,NA,"1252766652623720448",NA,"<a href=""https://mobile.twitter.com"" rel=""nofollow"">Twitter Web App</a>","JorgeMunozPe",10,FALSE,FALSE,NA,NA
"¡Porque esta lucha nos involucra a todos! 
Conoce las acciones emprendidas frente al COVID-19 y accede a informació… https://t.co/mLRwjh1X1k",FALSE,53,NA,2020-04-21 17:05:06,TRUE,NA,"1252644541326340107",NA,"<a href=""http://twitter.com/download/iphone"" rel=""nofollow"">Twitter for iPhone</a>","JorgeMunozPe",12,FALSE,FALSE,NA,NA
"Hemos llegado a Santa Anita junto al titular del @minagriperu, para supervisar el normal abastecimiento de producto… https://t.co/6n72RMu7Si",FALSE,218,NA,2020-04-21 14:39:36,TRUE,NA,"1252607924142247938",NA,"<a href=""http://twitter.com/download/iphone"" rel=""nofollow"">Twitter for iPhone</a>","JorgeMunozPe",33,FALSE,FALSE,NA,NA
"3. Utilización  del cuartel Barbones para el traslado de ambulantes de la Parada, 4. Una transferencia del ejecutiv… https://t.co/HKO7Wi7xDg",FALSE,85,"JorgeMunozPe",2020-04-21 01:57:40,TRUE,"1252416177910902790","1252416180695916544","163504378","<a href=""http://twitter.com/download/iphone"" rel=""nofollow"">Twitter for iPhone</a>","JorgeMunozPe",16,FALSE,FALSE,NA,NA
"En videoconferencia convocada hoy por @pcmperu con alcaldes provinciales, he propuesto 1. Inyección de recursos par… https://t.co/1GXKXrqPiZ",FALSE,143,NA,2020-04-21 01:57:40,TRUE,NA,"1252416177910902790",NA,"<a href=""http://twitter.com/download/iphone"" rel=""nofollow"">Twitter for iPhone</a>","JorgeMunozPe",28,FALSE,FALSE,NA,NA
"Estamos tomando todas las medidas necesarias para que se cumplan el protocolo de viaje y nuestros ciudadanos regres… https://t.co/y1qs8dAhpP",FALSE,25,"JorgeMunozPe",2020-04-20 00:04:05,TRUE,"1252025080311406592","1252025206832599040","163504378","<a href=""https://mobile.twitter.com"" rel=""nofollow"">Twitter Web App</a>","JorgeMunozPe",5,FALSE,FALSE,NA,NA
"Estamos siguiendo los lineamientos establecidos por la Presidencia del Consejo de Ministros @pcmperu.
La @MuniLima… https://t.co/rQyzoQ5uUd",FALSE,94,"JorgeMunozPe",2020-04-19 23:48:01,TRUE,"1252021161061482496","1252021163787771904","163504378","<a href=""https://mobile.twitter.com"" rel=""nofollow"">Twitter Web App</a>","JorgeMunozPe",20,FALSE,FALSE,NA,NA
"Hemos puesto a disposición un registro en línea para el traslado humanitario de aquellos ciudadanos que se encuentr… https://t.co/c4qrqJ8JUO",FALSE,659,NA,2020-04-19 23:48:00,TRUE,NA,"1252021161061482496",NA,"<a href=""https://mobile.twitter.com"" rel=""nofollow"">Twitter Web App</a>","JorgeMunozPe",247,FALSE,FALSE,NA,NA
"He propuesto reubicar a los comerciantes ambulantes de La Parada en el antiguo cuartel Barbones, una amplia zona ha… https://t.co/oAer9sT09H",FALSE,3517,NA,2020-04-18 16:32:21,TRUE,NA,"1251549137423695875",NA,"<a href=""https://mobile.twitter.com"" rel=""nofollow"">Twitter Web App</a>","JorgeMunozPe",473,FALSE,FALSE,NA,NA
"En Lima hace poco inauguramos los albergues Casa de la Mujer y Casa de Todos, ambos impulsados por las ganas de ayu… https://t.co/hzxQDj49e5",FALSE,175,NA,2020-04-18 05:00:46,TRUE,NA,"1251375095811051522",NA,"<a href=""https://mobile.twitter.com"" rel=""nofollow"">Twitter Web App</a>","JorgeMunozPe",16,FALSE,FALSE,NA,NA
"Esta tarde sostuve una videoconferencia con el alcalde de la Victoria y nuestros equipos técnicos para buscar alter… https://t.co/cKiKRffAQq",FALSE,273,NA,2020-04-17 23:14:42,TRUE,NA,"1251288001503809536",NA,"<a href=""http://twitter.com/download/iphone"" rel=""nofollow"">Twitter for iPhone</a>","JorgeMunozPe",29,FALSE,FALSE,NA,NA
"Enriquecedor intercambio de experiencias virtual entre países como Argentina, Colombia y Brasil, organizado por el… https://t.co/ZIbBO5CgbR",FALSE,143,NA,2020-04-17 20:11:35,TRUE,NA,"1251241919004332032",NA,"<a href=""http://twitter.com/download/iphone"" rel=""nofollow"">Twitter for iPhone</a>","JorgeMunozPe",19,FALSE,FALSE,NA,NA
"Será  un espacio acogedor donde podrán estar seguras junto a los miembros de su familia, con una adecuada atención… https://t.co/itjBpPKQ8M",FALSE,207,"JorgeMunozPe",2020-04-16 14:41:51,TRUE,"1250796550881763331","1250796553872310272","163504378","<a href=""http://twitter.com/download/iphone"" rel=""nofollow"">Twitter for iPhone</a>","JorgeMunozPe",31,FALSE,FALSE,NA,NA
"En esta emergencia, muchas mujeres víctimas de violencia, ponen en riesgo su salud y bienestar, al convivir con sus… https://t.co/Dw7GUnrg2D",FALSE,1715,NA,2020-04-16 14:41:51,TRUE,NA,"1250796550881763331",NA,"<a href=""http://twitter.com/download/iphone"" rel=""nofollow"">Twitter for iPhone</a>","JorgeMunozPe",340,FALSE,FALSE,NA,NA
"Quiero compartir con ustedes la entrevista que brinde al programa Contracara de la UPC, donde conversamos sobre las… https://t.co/B2JEXaznSp",FALSE,87,NA,2020-04-16 00:24:02,TRUE,NA,"1250580677734608897",NA,"<a href=""https://mobile.twitter.com"" rel=""nofollow"">Twitter Web App</a>","JorgeMunozPe",8,FALSE,FALSE,NA,NA
"Hoy estamos iniciando la entrega de la canasta básica familiar para 5400 familias vulnerables del Cercado de Lima,… https://t.co/m9jLkIsykj",FALSE,370,NA,2020-04-09 02:35:31,TRUE,NA,"1248077050025594885",NA,"<a href=""http://twitter.com/download/iphone"" rel=""nofollow"">Twitter for iPhone</a>","JorgeMunozPe",46,FALSE,FALSE,NA,NA
"Acabamos de culminar  una reunión con el jefe del Gabinete Ministerial @VicAZeballos y el equipo técnico de la… https://t.co/8HPrwluToW",FALSE,278,NA,2020-04-09 00:30:28,TRUE,NA,"1248045581873881088",NA,"<a href=""http://twitter.com/download/iphone"" rel=""nofollow"">Twitter for iPhone</a>","JorgeMunozPe",32,FALSE,FALSE,NA,NA
"Queridos vecinos, como parte de nuestra política de compromiso y transparencia, les informo que la @MuniLima inciar… https://t.co/n0Mt98hmXY",FALSE,281,NA,2020-04-08 18:49:30,TRUE,NA,"1247959771359182851",NA,"<a href=""http://twitter.com/download/iphone"" rel=""nofollow"">Twitter for iPhone</a>","JorgeMunozPe",53,FALSE,FALSE,NA,NA
"Hoy la @MuniLima a través del Concejo Metropolitano aprobó una transferencia para compensar costos adicionales gene… https://t.co/BETmI0O1ZI",FALSE,305,NA,2020-04-07 21:34:58,TRUE,NA,"1247639026103914496",NA,"<a href=""http://twitter.com/download/iphone"" rel=""nofollow"">Twitter for iPhone</a>","JorgeMunozPe",38,FALSE,FALSE,NA,NA
"Mis más sentidas condolencias a los familiares del primer fallecido por COVID-19 en el Perú. Tenemos que seguir lle… https://t.co/k5D8DNrbLL",FALSE,206,NA,2020-03-19 23:20:35,TRUE,NA,"1240780235349639169",NA,"<a href=""http://twitter.com/download/iphone"" rel=""nofollow"">Twitter for iPhone</a>","JorgeMunozPe",23,FALSE,FALSE,NA,NA
"Invocamos a las autoridades locales a seguir trabajando para garantizar los servicios básicos a toda la población e… https://t.co/TTiHlpubr2",FALSE,28,"JorgeMunozPe",2020-03-19 18:32:19,TRUE,"1240707686615797760","1240707693096001536","163504378","<a href=""http://twitter.com/download/iphone"" rel=""nofollow"">Twitter for iPhone</a>","JorgeMunozPe",8,FALSE,FALSE,NA,NA
"Nos encontramos en San Juan de Miraflores junto a su alcaldesa,  reforzando con las cistenas de la Municipalidad de… https://t.co/nDlJnfu48B",FALSE,96,NA,2020-03-19 18:32:18,TRUE,NA,"1240707686615797760",NA,"<a href=""http://twitter.com/download/iphone"" rel=""nofollow"">Twitter for iPhone</a>","JorgeMunozPe",24,FALSE,FALSE,NA,NA
"Insto a los alcaldes distritales a no tomar medidas inconstitucionales ni ilegales frente al Estado de Emergencia.… https://t.co/cwEfrIBXjL",FALSE,4967,NA,2020-03-17 00:43:45,TRUE,NA,"1239714001774235648",NA,"<a href=""http://twitter.com/download/iphone"" rel=""nofollow"">Twitter for iPhone</a>","JorgeMunozPe",965,FALSE,FALSE,NA,NA
"Luego de la reunión con el Grupo de Trabajo de Gestion de Riesgo de Desastres, queremos pedir responsabilidad para… https://t.co/ryGBaaAMEX",FALSE,90,NA,2020-03-16 18:01:38,TRUE,NA,"1239612807684984832",NA,"<a href=""https://mobile.twitter.com"" rel=""nofollow"">Twitter Web App</a>","JorgeMunozPe",12,FALSE,FALSE,NA,NA
"Declaro en sesión permanente el Comité de Gestión de Riesgos de la @MuniLima a fin de articular las acciones dispue… https://t.co/DIIwknquGq",FALSE,557,NA,2020-03-16 01:35:05,TRUE,NA,"1239364530892713986",NA,"<a href=""http://twitter.com/download/iphone"" rel=""nofollow"">Twitter for iPhone</a>","JorgeMunozPe",103,FALSE,FALSE,NA,NA
"Esta mañana llegamos al Gran Mercado Mayorista de Lima junto al Ministro de Agricultura. Hemos constatado el normal… https://t.co/VhC1qMT35U",FALSE,540,NA,2020-03-15 15:36:19,TRUE,NA,"1239213846264455170",NA,"<a href=""http://twitter.com/download/iphone"" rel=""nofollow"">Twitter for iPhone</a>","JorgeMunozPe",120,FALSE,FALSE,NA,NA
"Acabamos de culminar una reunión con el presidente @MartinVizcarraC, el premier @VicAZeballos, ministros y alcaldes… https://t.co/9bqyBgXaiq",FALSE,1627,NA,2020-03-15 02:31:02,TRUE,NA,"1239016223100329984",NA,"<a href=""http://twitter.com/download/iphone"" rel=""nofollow"">Twitter for iPhone</a>","JorgeMunozPe",333,FALSE,FALSE,NA,NA
"Acordamos la entrega de kits para la toma de muestras en nuestros locales de @SisolSalud, además brindaremos apoyo… https://t.co/q7PBAk6S13",FALSE,12,"JorgeMunozPe",2020-03-12 20:14:01,TRUE,"1238196565581467650","1238196568253218817","163504378","<a href=""http://twitter.com/download/iphone"" rel=""nofollow"">Twitter for iPhone</a>","JorgeMunozPe",1,FALSE,FALSE,NA,NA
"Hoy me reuní con la ministra de Salud, @EHinostrozaP para articular acciones frente al #COVID19. Entre otras medida… https://t.co/t8T87Pkoyx",FALSE,31,NA,2020-03-12 20:14:00,TRUE,NA,"1238196565581467650",NA,"<a href=""http://twitter.com/download/iphone"" rel=""nofollow"">Twitter for iPhone</a>","JorgeMunozPe",3,FALSE,FALSE,NA,NA
"Exhorto a todos los alcaldes de Lima Metropolitana y del país  a tomar medidas de distanciamiento social y prevenci… https://t.co/1a2nQDmmIw",FALSE,200,"JorgeMunozPe",2020-03-12 18:26:42,TRUE,"1238169557568815105","1238169561742094337","163504378","<a href=""https://mobile.twitter.com"" rel=""nofollow"">Twitter Web App</a>","JorgeMunozPe",47,FALSE,FALSE,NA,NA
"Vecinos de Lima, les pido mantener la calma y evitar generar pánico. Es fundamental en este momento la prevención.… https://t.co/bTGVhMImJ9",FALSE,992,NA,2020-03-12 18:26:41,TRUE,NA,"1238169557568815105",NA,"<a href=""https://mobile.twitter.com"" rel=""nofollow"">Twitter Web App</a>","JorgeMunozPe",281,FALSE,FALSE,NA,NA
"Saludo las medidas adoptadas por el Gobierno frente al #Coronavirus. Es fundamental el trabajo coordinado con todos… https://t.co/65SngASoF7",FALSE,456,NA,2020-03-11 15:16:29,TRUE,NA,"1237759306327523334",NA,"<a href=""https://mobile.twitter.com"" rel=""nofollow"">Twitter Web App</a>","JorgeMunozPe",76,FALSE,FALSE,NA,NA
"Hoy en el #DiaInternacionalDeLaMujer quiero reafirmar mi compromiso para seguir construyendo una generación de igua… https://t.co/NB3k6PyMyl",FALSE,218,NA,2020-03-08 15:44:19,TRUE,NA,"1236679145595244545",NA,"<a href=""https://mobile.twitter.com"" rel=""nofollow"">Twitter Web App</a>","JorgeMunozPe",33,FALSE,FALSE,NA,NA
"Es muy importante que todos sigamos algunas medidas de prevención: Lavarse correctamente las manos, cubrirse con el… https://t.co/9UFwQ1NMac",FALSE,25,"JorgeMunozPe",2020-03-06 19:35:39,TRUE,"1236012585243357184","1236012588477054977","163504378","<a href=""http://twitter.com/download/iphone"" rel=""nofollow"">Twitter for iPhone</a>","JorgeMunozPe",5,FALSE,FALSE,NA,NA
"Vecinos de Lima, ante primer caso confirmado de #Coronavirus en el país, les pido prudencia. Exhortamos a los 42 di… https://t.co/CKISH7o4eN",FALSE,89,NA,2020-03-06 19:35:38,TRUE,NA,"1236012585243357184",NA,"<a href=""http://twitter.com/download/iphone"" rel=""nofollow"">Twitter for iPhone</a>","JorgeMunozPe",22,FALSE,FALSE,NA,NA
"Hoy, junto a la Ministra de Economía, @ToniAlvaL y alcaldes distritales, nos reunimos en una mesa técnica a fin de… https://t.co/i3N6wuXy1d",FALSE,61,NA,2020-03-05 17:06:55,TRUE,NA,"1235612767886790656",NA,"<a href=""http://twitter.com/download/iphone"" rel=""nofollow"">Twitter for iPhone</a>","JorgeMunozPe",8,FALSE,FALSE,NA,NA
"Mis más sinceras condolencias a la familia de don Javier Pérez de Cuéllar, ilustre diplomático y político peruano,… https://t.co/1vlT1aE00L",FALSE,208,NA,2020-03-05 12:41:20,TRUE,NA,"1235545933288366080",NA,"<a href=""http://twitter.com/download/iphone"" rel=""nofollow"">Twitter for iPhone</a>","JorgeMunozPe",17,FALSE,FALSE,NA,NA
"Esta mañana me encuentro en la Av. Poblet, entre los distritos de Pachacamac y Cieneguilla, donde se construyen 17… https://t.co/iSzHPuZekK",FALSE,313,NA,2020-03-03 14:18:48,TRUE,NA,"1234845685125656578",NA,"<a href=""http://twitter.com/download/iphone"" rel=""nofollow"">Twitter for iPhone</a>","JorgeMunozPe",47,FALSE,FALSE,NA,NA
"Felicito a los congresistas electos que hoy reciben sus credenciales. Esta es una nueva oportunidad para seguir for… https://t.co/6oyixwyfR1",FALSE,115,NA,2020-02-28 17:32:28,TRUE,NA,"1233444873962954753",NA,"<a href=""http://twitter.com/download/iphone"" rel=""nofollow"">Twitter for iPhone</a>","JorgeMunozPe",14,FALSE,FALSE,NA,NA
"Queridos vecinos, luego de un año de arduo trabajo, me llena de enorme satisfacción poder entregar a la ciudad esta… https://t.co/bBNDKq386B",FALSE,946,NA,2020-02-27 22:28:44,TRUE,NA,"1233157043013537793",NA,"<a href=""http://twitter.com/download/iphone"" rel=""nofollow"">Twitter for iPhone</a>","JorgeMunozPe",139,FALSE,FALSE,NA,NA
"Hoy entregamos a la ciudad la gran obra vía Costa Verde, tramo Escardó-Virú de 2.7 km, que conectará los distritos… https://t.co/naGQSFWhD9",FALSE,974,NA,2020-02-27 13:15:10,TRUE,NA,"1233017731039059969",NA,"<a href=""http://twitter.com/download/iphone"" rel=""nofollow"">Twitter for iPhone</a>","JorgeMunozPe",178,FALSE,FALSE,NA,NA
"Estamos en las Lomas de Villa María del Triunfo junto a la Policía Nacional de Perú y un equipo de la @MuniLima lle… https://t.co/lNh0twTbBa",FALSE,1833,NA,2020-02-26 15:44:09,TRUE,NA,"1232692837419909121",NA,"<a href=""http://twitter.com/download/iphone"" rel=""nofollow"">Twitter for iPhone</a>","JorgeMunozPe",305,FALSE,FALSE,NA,NA
"Nos encontramos en la zona del derrumbe, en el Jr. Cotabambas del Centro Histórico de Lima. Hemos procedido a resca… https://t.co/b5564L4Y39",FALSE,157,NA,2020-02-26 05:23:57,TRUE,NA,"1232536760959193088",NA,"<a href=""http://twitter.com/download/iphone"" rel=""nofollow"">Twitter for iPhone</a>","JorgeMunozPe",26,FALSE,FALSE,NA,NA
"Hoy entregamos la nueva estación Andrés Reyes del Metropolitano, que se conecta con la estación Canaval y Moreyra.… https://t.co/MVRgeUigpW",FALSE,678,NA,2020-02-21 18:36:35,TRUE,NA,"1230924292558180352",NA,"<a href=""http://twitter.com/download/iphone"" rel=""nofollow"">Twitter for iPhone</a>","JorgeMunozPe",90,FALSE,FALSE,NA,NA
"En aras de nuestro compromiso con la transparencia y honestidad, hoy presento la rendición  de cuentas del 2019 y e… https://t.co/f5adIWaEM4",FALSE,230,NA,2020-02-19 17:09:14,TRUE,NA,"1230177535482310657",NA,"<a href=""http://twitter.com/download/iphone"" rel=""nofollow"">Twitter for iPhone</a>","JorgeMunozPe",45,FALSE,FALSE,NA,NA
"Sobre el proyecto vial en los alrededores de la Universidad Nacional Mayor de San Marcos: https://t.co/sUlwUUQaSg",FALSE,2858,NA,2019-09-19 16:47:15,FALSE,NA,"1174726658995236870",NA,"<a href=""https://mobile.twitter.com"" rel=""nofollow"">Twitter Web App</a>","JorgeMunozPe",881,FALSE,FALSE,NA,NA
